gbifID	datasetKey	occurrenceID	kingdom	phylum	class	order	family	genus	species	infraspecificEpithet	taxonRank	scientificName	verbatimScientificName	verbatimScientificNameAuthorship	countryCode	locality	stateProvince	occurrenceStatus	individualCount	publishingOrgKey	decimalLatitude	decimalLongitude	coordinateUncertaintyInMeters	coordinatePrecision	elevation	elevationAccuracy	depth	depthAccuracy	eventDate	day	month	year	taxonKey	speciesKey	basisOfRecord	institutionCode	collectionCode	catalogNumber	recordNumber	identifiedBy	dateIdentified	license	rightsHolder	recordedBy	typeStatus	establishmentMeans	lastInterpreted	mediaType	issue
912437953	cd6e21c8-9e8a-493a-8a76-fbf7862069e5	http://specimens.kew.org/herbarium/K000529592	Plantae	Tracheophyta	Magnoliopsida	Apiales	Apiaceae	Azorella	Azorella madreporica		SPECIES	Azorella madreporica Clos	Azorella madreporica	Clos	CL			PRESENT		061b4f20-f241-11da-a328-b8a03c50a862													6026493	6026493	PRESERVED_SPECIMEN	K	Herbarium	K000529592	s.n.			CC_BY_4_0		[Gay]			2025-01-09T23:06:01.617Z	StillImage	TYPE_STATUS_INVALID;INSTITUTION_MATCH_FUZZY;INSTITUTION_COLLECTION_MISMATCH
912437945	cd6e21c8-9e8a-493a-8a76-fbf7862069e5	http://specimens.kew.org/herbarium/K000529591	Plantae	Tracheophyta	Magnoliopsida	Apiales	Apiaceae	Azorella	Azorella madreporica		SPECIES	Azorella madreporica Clos	Azorella madreporica	Clos	CL			PRESENT		061b4f20-f241-11da-a328-b8a03c50a862													6026493	6026493	PRESERVED_SPECIMEN	K	Herbarium	K000529591	s.n.			CC_BY_4_0		Gay, C.			2025-01-09T23:06:01.655Z	StillImage	TYPE_STATUS_INVALID;INSTITUTION_MATCH_FUZZY;INSTITUTION_COLLECTION_MISMATCH
912437932	cd6e21c8-9e8a-493a-8a76-fbf7862069e5	http://specimens.kew.org/herbarium/K000529590	Plantae	Tracheophyta	Magnoliopsida	Apiales	Apiaceae	Azorella	Azorella madreporica		SPECIES	Azorella madreporica Clos	Azorella madreporica	Clos	CL			PRESENT		061b4f20-f241-11da-a328-b8a03c50a862													6026493	6026493	PRESERVED_SPECIMEN	K	Herbarium	K000529590	s.n.			CC_BY_4_0		Gay, C.			2025-01-09T23:06:01.954Z	StillImage	TYPE_STATUS_INVALID;INSTITUTION_MATCH_FUZZY;INSTITUTION_COLLECTION_MISMATCH
912437910	cd6e21c8-9e8a-493a-8a76-fbf7862069e5	http://specimens.kew.org/herbarium/K000529589	Plantae	Tracheophyta	Magnoliopsida	Apiales	Apiaceae	Azorella	Azorella madreporica		SPECIES	Azorella madreporica Clos	Azorella madreporica	Clos	CL			PRESENT		061b4f20-f241-11da-a328-b8a03c50a862													6026493	6026493	PRESERVED_SPECIMEN	K	Herbarium	K000529589	s.n.			CC_BY_4_0		Gay, C.			2025-01-09T23:06:02.466Z	StillImage	TYPE_STATUS_INVALID;INSTITUTION_MATCH_FUZZY;INSTITUTION_COLLECTION_MISMATCH
814351787	f5de707d-eba1-4f1a-b1df-1a7fa27b1bc7		Plantae	Tracheophyta	Magnoliopsida	Apiales	Apiaceae	Azorella	Azorella madreporica		SPECIES	Azorella madreporica Clos	Azorella madreporica Clos		AR	Cajón del Arroyo del Cruce	Neuquén	PRESENT		b6f05cf0-43ce-11d9-8439-b8a03c50a862	-36.85	-70.26											6026493	6026493	PRESERVED_SPECIMEN	SI	HERB	431718		Constance, L.		CC_BY_4_0		Boelcke, O.			2025-01-10T23:36:11.737Z		GEODETIC_DATUM_ASSUMED_WGS84;CONTINENT_DERIVED_FROM_COORDINATES;COLLECTION_MATCH_NONE;INSTITUTION_MATCH_FUZZY
814351786	f5de707d-eba1-4f1a-b1df-1a7fa27b1bc7		Plantae	Tracheophyta	Magnoliopsida	Apiales	Apiaceae	Azorella	Azorella madreporica		SPECIES	Azorella madreporica Clos	Azorella madreporica Clos		AR	alto valle de Calmuco	Mendoza	PRESENT		b6f05cf0-43ce-11d9-8439-b8a03c50a862	-36.14	-69.37											6026493	6026493	PRESERVED_SPECIMEN	SI	HERB	431714		-		CC_BY_4_0		Burkart, A.			2025-01-10T23:36:11.210Z		GEODETIC_DATUM_ASSUMED_WGS84;CONTINENT_DERIVED_FROM_COORDINATES;COLLECTION_MATCH_NONE;INSTITUTION_MATCH_FUZZY
814351771	f5de707d-eba1-4f1a-b1df-1a7fa27b1bc7		Plantae	Tracheophyta	Magnoliopsida	Apiales	Apiaceae	Azorella	Azorella madreporica		SPECIES	Azorella madreporica Clos	Azorella madreporica Clos		AR	El Calafate, Cerro Huiliches	Santa Cruz	PRESENT		b6f05cf0-43ce-11d9-8439-b8a03c50a862	-50.39	-72.31											6026493	6026493	PRESERVED_SPECIMEN	SI	HERB	447674		-		CC_BY_4_0		Zuloaga, F. O.			2025-01-10T23:36:12.104Z		GEODETIC_DATUM_ASSUMED_WGS84;CONTINENT_DERIVED_FROM_COORDINATES;COLLECTION_MATCH_NONE;INSTITUTION_MATCH_FUZZY
814351770	f5de707d-eba1-4f1a-b1df-1a7fa27b1bc7		Plantae	Tracheophyta	Magnoliopsida	Apiales	Apiaceae	Azorella	Azorella madreporica		SPECIES	Azorella madreporica Clos	Azorella madreporica Clos		AR		San Juan	PRESENT		b6f05cf0-43ce-11d9-8439-b8a03c50a862													6026493	6026493	PRESERVED_SPECIMEN	SI	HERB	431721		Martínez S., E.		CC_BY_4_0		Rizzi, -			2025-01-10T23:36:12.025Z		CONTINENT_DERIVED_FROM_COUNTRY;COLLECTION_MATCH_NONE;INSTITUTION_MATCH_FUZZY
814351769	f5de707d-eba1-4f1a-b1df-1a7fa27b1bc7		Plantae	Tracheophyta	Magnoliopsida	Apiales	Apiaceae	Azorella	Azorella madreporica		SPECIES	Azorella madreporica Clos	Azorella madreporica Clos		AR	Pque. Nacional Nahuel Huapi, faldeos Cerro Meta.	Río Negro	PRESENT		b6f05cf0-43ce-11d9-8439-b8a03c50a862	-41.43	-71.55											6026493	6026493	PRESERVED_SPECIMEN	SI	HERB	431719		Constance, L.		CC_BY_4_0		Boelcke, O.			2025-01-10T23:36:11.736Z		GEODETIC_DATUM_ASSUMED_WGS84;CONTINENT_DERIVED_FROM_COORDINATES;COLLECTION_MATCH_NONE;INSTITUTION_MATCH_FUZZY
814351768	f5de707d-eba1-4f1a-b1df-1a7fa27b1bc7		Plantae	Tracheophyta	Magnoliopsida	Apiales	Apiaceae	Azorella	Azorella madreporica		SPECIES	Azorella madreporica Clos	Azorella madreporica Clos		AR	Parque Nacional Nahuel Huapi, faldeos Cerro Meta.	Río Negro	PRESENT		b6f05cf0-43ce-11d9-8439-b8a03c50a862													6026493	6026493	PRESERVED_SPECIMEN	SI	HERB	431717		Arroyo, S. C.		CC_BY_4_0		Boelcke, O.			2025-01-10T23:36:11.210Z		CONTINENT_DERIVED_FROM_COUNTRY;COLLECTION_MATCH_NONE;INSTITUTION_MATCH_FUZZY
814351767	f5de707d-eba1-4f1a-b1df-1a7fa27b1bc7		Plantae	Tracheophyta	Magnoliopsida	Apiales	Apiaceae	Azorella	Azorella madreporica		SPECIES	Azorella madreporica Clos	Azorella madreporica Clos		AR	Río de Las Taguas, Qda. de las Yaretas.	San Juan	PRESENT		b6f05cf0-43ce-11d9-8439-b8a03c50a862	-29.2	-69.87											6026493	6026493	PRESERVED_SPECIMEN	SI	HERB	431716		Martínez S., E.		CC_BY_4_0		Kiesling, R.			2025-01-10T23:36:11.678Z		GEODETIC_DATUM_ASSUMED_WGS84;CONTINENT_DERIVED_FROM_COORDINATES;COLLECTION_MATCH_NONE;INSTITUTION_MATCH_FUZZY
814351766	f5de707d-eba1-4f1a-b1df-1a7fa27b1bc7		Plantae	Tracheophyta	Magnoliopsida	Apiales	Apiaceae	Azorella	Azorella madreporica		SPECIES	Azorella madreporica Clos	Azorella madreporica Clos		CL	Perez Caldera, above rio San Francisco, wet streamside talus with Berberis, Pernettya, Tropaeolum, Erigeron, Calceolaria & Mutisieae.	Región Metropolitana	PRESENT		b6f05cf0-43ce-11d9-8439-b8a03c50a862													6026493	6026493	PRESERVED_SPECIMEN	SI	HERB	431120		-		CC_BY_4_0		Constance, L.			2025-01-10T23:36:11.722Z		COLLECTION_MATCH_NONE;INSTITUTION_MATCH_FUZZY
814351765	f5de707d-eba1-4f1a-b1df-1a7fa27b1bc7		Plantae	Tracheophyta	Magnoliopsida	Apiales	Apiaceae	Azorella	Azorella madreporica		SPECIES	Azorella madreporica Clos	Azorella madreporica Clos		CL	Cerro Mapocho Tal Piedra numerada, bei Santiago	Región Metropolitana	PRESENT		b6f05cf0-43ce-11d9-8439-b8a03c50a862													6026493	6026493	PRESERVED_SPECIMEN	SI	HERB	431119		-		CC_BY_4_0		Grandjot, G. F.			2025-01-10T23:36:10.982Z		COLLECTION_MATCH_NONE;INSTITUTION_MATCH_FUZZY
575207279	bf2a4bf0-5f31-11de-b67e-b8a03c50a862	https://data.rbge.org.uk/herb/E00224554	Plantae	Tracheophyta	Magnoliopsida	Apiales	Apiaceae	Azorella	Azorella madreporica		SPECIES	Azorella madreporica Clos	Azorella madreporica Clos		CL	Chile:Santiago: Perez Caldera, above rio San Francisco.		PRESENT		98e934b0-5f31-11de-b67e-b8a03c50a862					2800.0	0.0			1954-02-11	11	2	1954	6026493	6026493	PRESERVED_SPECIMEN	RBGE	E	E00224554	3503			CC0	Royal Botanic Garden Edinburgh	Constance, Lincoln			2025-01-07T22:05:24.168Z	InteractiveResource;StillImage	
575077877	bf2a4bf0-5f31-11de-b67e-b8a03c50a862	https://data.rbge.org.uk/herb/E00224555	Plantae	Tracheophyta	Magnoliopsida	Apiales	Apiaceae	Azorella	Azorella madreporica		SPECIES	Azorella madreporica Clos	Azorella madreporica Clos					PRESENT		98e934b0-5f31-11de-b67e-b8a03c50a862													6026493	6026493	PRESERVED_SPECIMEN	RBGE	E	E00224555	930			CC0	Royal Botanic Garden Edinburgh	Comber, Harold Frederick			2025-01-07T22:04:38.354Z	InteractiveResource;StillImage	
574990707	bf2a4bf0-5f31-11de-b67e-b8a03c50a862	https://data.rbge.org.uk/herb/E00224556	Plantae	Tracheophyta	Magnoliopsida	Apiales	Apiaceae	Azorella	Azorella madreporica		SPECIES	Azorella madreporica Clos	Azorella madreporica Clos		AR	Argentina:Cerro Bayo		PRESENT		98e934b0-5f31-11de-b67e-b8a03c50a862					2591.0	0.0			1925-12-25	25	12	1925	6026493	6026493	PRESERVED_SPECIMEN	RBGE	E	E00224556	336			CC0	Royal Botanic Garden Edinburgh	Comber, Harold Frederick			2025-01-07T22:05:25.014Z	InteractiveResource;StillImage	CONTINENT_DERIVED_FROM_COUNTRY
574662179	bf2a4bf0-5f31-11de-b67e-b8a03c50a862	https://data.rbge.org.uk/herb/E00156986	Plantae	Tracheophyta	Magnoliopsida	Apiales	Apiaceae	Azorella	Azorella madreporica		SPECIES	Azorella madreporica Clos	Azorella madreporica Clos		AR	Argentina:Prov. de Neuquen:Cerro Atravesado (wets of Zapala to Lago Aluminé		PRESENT		98e934b0-5f31-11de-b67e-b8a03c50a862					2200.0	0.0			1994-02-23	23	2	1994	6026493	6026493	PRESERVED_SPECIMEN	RBGE	E	E00156986	14315			CC0	Royal Botanic Garden Edinburgh	Archibald, James C. & Archibald, Jennifer			2025-01-07T22:04:34.951Z	StillImage;InteractiveResource	CONTINENT_DERIVED_FROM_COUNTRY
4945820031	50c9509d-22c7-4a22-a47d-8c48425ef4a7	https://www.inaturalist.org/observations/241209653	Plantae	Tracheophyta	Magnoliopsida	Apiales	Apiaceae	Azorella	Azorella madreporica		SPECIES	Azorella madreporica Clos	Azorella madreporica		CL		Coquimbo	PRESENT		28eb1a3f-1c15-4a95-931a-4af90ecb574d	-30.949581	-70.697418	1588.0						2023-10-07T16:08	7	10	2023	6026493	6026493	HUMAN_OBSERVATION	iNaturalist	Observations	241209653		Daniel Nuñez Michea	2024-09-12T01:01:51	CC_BY_4_0	Daniel Nuñez Michea	Daniel Nuñez Michea			2024-12-16T11:53:15.002Z	StillImage	COORDINATE_ROUNDED;CONTINENT_DERIVED_FROM_COORDINATES;TAXON_MATCH_TAXON_ID_IGNORED
4945724784	50c9509d-22c7-4a22-a47d-8c48425ef4a7	https://www.inaturalist.org/observations/241209652	Plantae	Tracheophyta	Magnoliopsida	Apiales	Apiaceae	Azorella	Azorella madreporica		SPECIES	Azorella madreporica Clos	Azorella madreporica		CL		Coquimbo	PRESENT		28eb1a3f-1c15-4a95-931a-4af90ecb574d	-30.949508	-70.697504	1695.0						2023-10-07T16:10	7	10	2023	6026493	6026493	HUMAN_OBSERVATION	iNaturalist	Observations	241209652		Daniel Nuñez Michea	2024-09-12T01:01:51	CC_BY_4_0	Daniel Nuñez Michea	Daniel Nuñez Michea			2024-12-16T11:52:37.231Z	StillImage	COORDINATE_ROUNDED;CONTINENT_DERIVED_FROM_COORDINATES;TAXON_MATCH_TAXON_ID_IGNORED
4923927660	50c9509d-22c7-4a22-a47d-8c48425ef4a7	https://www.inaturalist.org/observations/235206298	Plantae	Tracheophyta	Magnoliopsida	Apiales	Apiaceae	Azorella	Azorella madreporica		SPECIES	Azorella madreporica Clos	Azorella madreporica		CL		Región Metropolitana de Santiago	PRESENT		28eb1a3f-1c15-4a95-931a-4af90ecb574d	-33.317923	-70.261465							2023-12-24T06:49	24	12	2023	6026493	6026493	HUMAN_OBSERVATION	iNaturalist	Observations	235206298		Nolan Exe	2024-08-11T21:23:26	CC_BY_4_0	Nolan Exe	Nolan Exe			2024-12-16T11:54:34.450Z	StillImage	COORDINATE_ROUNDED;CONTINENT_DERIVED_FROM_COORDINATES;TAXON_MATCH_TAXON_ID_IGNORED
4516779132	50c9509d-22c7-4a22-a47d-8c48425ef4a7	https://www.inaturalist.org/observations/197730106	Plantae	Tracheophyta	Magnoliopsida	Apiales	Apiaceae	Azorella	Azorella madreporica		SPECIES	Azorella madreporica Clos	Azorella madreporica		CL		Región Metropolitana de Santiago	PRESENT		28eb1a3f-1c15-4a95-931a-4af90ecb574d	-33.317136	-70.260017	5.0						2024-01-06T14:34	6	1	2024	6026493	6026493	HUMAN_OBSERVATION	iNaturalist	Observations	197730106		Patrick Sweeney	2024-01-27T21:40:52	CC_BY_4_0	Patrick Sweeney	Patrick Sweeney			2024-12-16T11:47:36.933Z	StillImage	COORDINATE_ROUNDED;CONTINENT_DERIVED_FROM_COORDINATES;TAXON_MATCH_TAXON_ID_IGNORED
4500851707	50c9509d-22c7-4a22-a47d-8c48425ef4a7	https://www.inaturalist.org/observations/99835026	Plantae	Tracheophyta	Magnoliopsida	Apiales	Apiaceae	Azorella	Azorella madreporica		SPECIES	Azorella madreporica Clos	Azorella madreporica		CL		Región Metropolitana de Santiago	PRESENT		28eb1a3f-1c15-4a95-931a-4af90ecb574d	-33.317605	-70.260031	70.0						2021-10-30T13:07:53	30	10	2021	6026493	6026493	HUMAN_OBSERVATION	iNaturalist	Observations	99835026		Marceau Coppée	2023-01-29T10:24:40	CC_BY_NC_4_0	mildred_ehrenfeld	mildred_ehrenfeld			2024-12-16T11:33:36.407Z	StillImage	COORDINATE_ROUNDED;CONTINENT_DERIVED_FROM_COORDINATES;TAXON_MATCH_TAXON_ID_IGNORED
4500720813	50c9509d-22c7-4a22-a47d-8c48425ef4a7	https://www.inaturalist.org/observations/112266917	Plantae	Tracheophyta	Magnoliopsida	Apiales	Apiaceae	Azorella	Azorella madreporica		SPECIES	Azorella madreporica Clos	Azorella madreporica		CL		Región Metropolitana de Santiago	PRESENT		28eb1a3f-1c15-4a95-931a-4af90ecb574d	-33.344176	-70.253356							2022-04-17T12:41:11	17	4	2022	6026493	6026493	HUMAN_OBSERVATION	iNaturalist	Observations	112266917		Marceau Coppée	2023-01-29T10:17:35	CC_BY_NC_4_0	valeguzmansalazar	valeguzmansalazar			2024-12-16T12:09:13.512Z	StillImage	COORDINATE_ROUNDED;CONTINENT_DERIVED_FROM_COORDINATES;TAXON_MATCH_TAXON_ID_IGNORED
438755090	b5cdf794-8fa4-4a85-8b26-755d087bf531	http://coldb.mnhn.fr/catalognumber/mnhn/p/p03223885	Plantae	Tracheophyta	Magnoliopsida	Apiales	Apiaceae	Azorella	Azorella madreporica		SPECIES	Azorella madreporica Clos	Azorella madreporica Clos	Clos				PRESENT		2cd829bb-b713-433d-99cf-64bef11e5b3e													6026493	6026493	PRESERVED_SPECIMEN	MNHN	P	P03223885				CC_BY_4_0					2025-01-08T19:23:42.863Z	StillImage	
438755089	b5cdf794-8fa4-4a85-8b26-755d087bf531	http://coldb.mnhn.fr/catalognumber/mnhn/p/p03223886	Plantae	Tracheophyta	Magnoliopsida	Apiales	Apiaceae	Azorella	Azorella madreporica		SPECIES	Azorella madreporica Clos	Azorella madreporica Clos	Clos				PRESENT		2cd829bb-b713-433d-99cf-64bef11e5b3e													6026493	6026493	PRESERVED_SPECIMEN	MNHN	P	P03223886				CC_BY_4_0					2025-01-08T19:23:52.724Z	StillImage	
438300719	b5cdf794-8fa4-4a85-8b26-755d087bf531	http://coldb.mnhn.fr/catalognumber/mnhn/p/p00115309	Plantae	Tracheophyta	Magnoliopsida	Apiales	Apiaceae	Azorella	Azorella madreporica		SPECIES	Azorella bolacina Clos	Azorella bolacina Clos	Clos	CL			PRESENT		2cd829bb-b713-433d-99cf-64bef11e5b3e													3632144	6026493	PRESERVED_SPECIMEN	MNHN	P	P00115309		Clos		CC_BY_4_0		Gay, C.	HOLOTYPE		2025-01-08T19:21:53.671Z	StillImage	
438089101	b5cdf794-8fa4-4a85-8b26-755d087bf531	http://coldb.mnhn.fr/catalognumber/mnhn/p/p03223887	Plantae	Tracheophyta	Magnoliopsida	Apiales	Apiaceae	Azorella	Azorella madreporica		SPECIES	Azorella madreporica Clos	Azorella madreporica Clos	Clos				PRESENT		2cd829bb-b713-433d-99cf-64bef11e5b3e													6026493	6026493	PRESERVED_SPECIMEN	MNHN	P	P03223887				CC_BY_4_0					2025-01-08T19:23:56.358Z	StillImage	
438089100	b5cdf794-8fa4-4a85-8b26-755d087bf531	http://coldb.mnhn.fr/catalognumber/mnhn/p/p03223888	Plantae	Tracheophyta	Magnoliopsida	Apiales	Apiaceae	Azorella	Azorella madreporica		SPECIES	Azorella madreporica Clos	Azorella madreporica Clos	Clos				PRESENT		2cd829bb-b713-433d-99cf-64bef11e5b3e													6026493	6026493	PRESERVED_SPECIMEN	MNHN	P	P03223888				CC_BY_4_0					2025-01-08T19:23:44.449Z	StillImage	
437756167	b5cdf794-8fa4-4a85-8b26-755d087bf531	http://coldb.mnhn.fr/catalognumber/mnhn/p/p03223884	Plantae	Tracheophyta	Magnoliopsida	Apiales	Apiaceae	Azorella	Azorella madreporica		SPECIES	Azorella madreporica Clos	Azorella madreporica Clos	Clos				PRESENT		2cd829bb-b713-433d-99cf-64bef11e5b3e													6026493	6026493	PRESERVED_SPECIMEN	MNHN	P	P03223884				CC_BY_4_0					2025-01-08T19:22:28.835Z	StillImage	
436969531	b5cdf794-8fa4-4a85-8b26-755d087bf531	http://coldb.mnhn.fr/catalognumber/mnhn/p/p00115310	Plantae	Tracheophyta	Magnoliopsida	Apiales	Apiaceae	Azorella	Azorella madreporica		SPECIES	Azorella bolacina Clos	Azorella bolacina Clos	Clos	CL			PRESENT		2cd829bb-b713-433d-99cf-64bef11e5b3e													3632144	6026493	PRESERVED_SPECIMEN	MNHN	P	P00115310		Clos		CC_BY_4_0		Gay, C.	ISOTYPE		2025-01-08T19:23:14.054Z	StillImage	
436969530	b5cdf794-8fa4-4a85-8b26-755d087bf531	http://coldb.mnhn.fr/catalognumber/mnhn/p/p00115308	Plantae	Tracheophyta	Magnoliopsida	Apiales	Apiaceae	Azorella	Azorella madreporica		SPECIES	Azorella madreporica Clos	Azorella madreporica Clos	Clos	CL			PRESENT		2cd829bb-b713-433d-99cf-64bef11e5b3e													6026493	6026493	PRESERVED_SPECIMEN	MNHN	P	P00115308		Gay		CC_BY_4_0		Gay, C.	HOLOTYPE		2025-01-08T19:22:01.527Z	StillImage	
416852571	f5de707d-eba1-4f1a-b1df-1a7fa27b1bc7		Plantae	Tracheophyta	Magnoliopsida	Apiales	Apiaceae	Azorella	Azorella madreporica		SPECIES	Azorella madreporica Clos	Azorella madreporica Clos		AR	Valle Carnicerías	San Juan	PRESENT		b6f05cf0-43ce-11d9-8439-b8a03c50a862													6026493	6026493	PRESERVED_SPECIMEN	SI	HERB	392186		-		CC_BY_4_0		Riggi, E.			2025-01-10T23:36:00.928Z		CONTINENT_DERIVED_FROM_COUNTRY;COLLECTION_MATCH_NONE;INSTITUTION_MATCH_FUZZY
416852570	f5de707d-eba1-4f1a-b1df-1a7fa27b1bc7		Plantae	Tracheophyta	Magnoliopsida	Apiales	Apiaceae	Azorella	Azorella madreporica		SPECIES	Azorella madreporica Clos	Azorella madreporica Clos		AR	Extremo NW de La Pampa Ferraina.	Neuquén	PRESENT		b6f05cf0-43ce-11d9-8439-b8a03c50a862	-36.72	-70.47											6026493	6026493	PRESERVED_SPECIMEN	SI	HERB	392192		Constance, L.		CC_BY_4_0		Boelcke, O.			2025-01-10T23:36:00.440Z		GEODETIC_DATUM_ASSUMED_WGS84;CONTINENT_DERIVED_FROM_COORDINATES;COLLECTION_MATCH_NONE;INSTITUTION_MATCH_FUZZY
416852569	f5de707d-eba1-4f1a-b1df-1a7fa27b1bc7		Plantae	Tracheophyta	Magnoliopsida	Apiales	Apiaceae	Azorella	Azorella madreporica		SPECIES	Azorella madreporica Clos	Azorella madreporica Clos		AR	Valle Superior del Arroyo Atreuco	Neuquén	PRESENT		b6f05cf0-43ce-11d9-8439-b8a03c50a862	-36.75	-70.53											6026493	6026493	PRESERVED_SPECIMEN	SI	HERB	392189		Constance, L.		CC_BY_4_0		Boelcke, O.			2025-01-10T23:36:00.755Z		GEODETIC_DATUM_ASSUMED_WGS84;CONTINENT_DERIVED_FROM_COORDINATES;COLLECTION_MATCH_NONE;INSTITUTION_MATCH_FUZZY
416852558	f5de707d-eba1-4f1a-b1df-1a7fa27b1bc7		Plantae	Tracheophyta	Magnoliopsida	Apiales	Apiaceae	Azorella	Azorella madreporica		SPECIES	Azorella madreporica Clos	Azorella madreporica Clos		CL	Santiago	Región Metropolitana	PRESENT		b6f05cf0-43ce-11d9-8439-b8a03c50a862													6026493	6026493	PRESERVED_SPECIMEN	LIL	HERB	34574		-		CC_BY_4_0		Constance, L.			2025-01-10T23:36:00.770Z		COLLECTION_MATCH_NONE;INSTITUTION_MATCH_FUZZY
416852546	f5de707d-eba1-4f1a-b1df-1a7fa27b1bc7		Plantae	Tracheophyta	Magnoliopsida	Apiales	Apiaceae	Azorella	Azorella madreporica		SPECIES	Azorella madreporica Clos	Azorella madreporica Clos		CL	"""Llareta de Coquimbo"""	IV Región de Coquimbo	PRESENT		b6f05cf0-43ce-11d9-8439-b8a03c50a862													6026493	6026493	PRESERVED_SPECIMEN	P	HERB	34563		-		CC_BY_4_0		Gay, C.			2025-01-10T23:36:00.403Z		COLLECTION_MATCH_NONE;INSTITUTION_MATCH_FUZZY
416852536	f5de707d-eba1-4f1a-b1df-1a7fa27b1bc7		Plantae	Tracheophyta	Magnoliopsida	Apiales	Apiaceae	Azorella	Azorella madreporica		SPECIES	Azorella madreporica Clos	Azorella madreporica Clos		AR	alto valle de Calmuco	Mendoza	PRESENT		b6f05cf0-43ce-11d9-8439-b8a03c50a862	-36.14	-69.37											6026493	6026493	PRESERVED_SPECIMEN	SI	HERB	34562		-		CC_BY_4_0		Burkart, A.			2025-01-10T23:36:00.686Z		GEODETIC_DATUM_ASSUMED_WGS84;CONTINENT_DERIVED_FROM_COORDINATES;COLLECTION_MATCH_NONE;INSTITUTION_MATCH_FUZZY
416852518	f5de707d-eba1-4f1a-b1df-1a7fa27b1bc7		Plantae	Tracheophyta	Magnoliopsida	Apiales	Apiaceae	Azorella	Azorella madreporica		SPECIES	Azorella madreporica Clos	Azorella madreporica Clos		CL		-	PRESENT		b6f05cf0-43ce-11d9-8439-b8a03c50a862													6026493	6026493	PRESERVED_SPECIMEN	CONC	HERB	176361		-		CC_BY_4_0		Marticorena, C.			2025-01-10T23:36:00.686Z		AMBIGUOUS_INSTITUTION
416852496	f5de707d-eba1-4f1a-b1df-1a7fa27b1bc7		Plantae	Tracheophyta	Magnoliopsida	Apiales	Apiaceae	Azorella	Azorella madreporica		SPECIES	Azorella madreporica Clos	Azorella madreporica Clos		AR	Esquel, La Hoya	Chubut	PRESENT		b6f05cf0-43ce-11d9-8439-b8a03c50a862	-43.02	-71.49											6026493	6026493	PRESERVED_SPECIMEN	LP	HERB	392198		-		CC_BY_4_0		Cabrera, A. L.			2025-01-10T23:36:00.877Z		GEODETIC_DATUM_ASSUMED_WGS84;CONTINENT_DERIVED_FROM_COORDINATES;COLLECTION_MATCH_NONE;INSTITUTION_MATCH_FUZZY
416852495	f5de707d-eba1-4f1a-b1df-1a7fa27b1bc7		Plantae	Tracheophyta	Magnoliopsida	Apiales	Apiaceae	Azorella	Azorella madreporica		SPECIES	Azorella madreporica Clos	Azorella madreporica Clos		AR	Esquel, La Hoya	Chubut	PRESENT		b6f05cf0-43ce-11d9-8439-b8a03c50a862	-43.02	-71.49											6026493	6026493	PRESERVED_SPECIMEN	LP	HERB	392197		-		CC_BY_4_0		Cabrera, A. L.			2025-01-10T23:36:00.769Z		GEODETIC_DATUM_ASSUMED_WGS84;CONTINENT_DERIVED_FROM_COORDINATES;COLLECTION_MATCH_NONE;INSTITUTION_MATCH_FUZZY
416852494	f5de707d-eba1-4f1a-b1df-1a7fa27b1bc7		Plantae	Tracheophyta	Magnoliopsida	Apiales	Apiaceae	Azorella	Azorella madreporica		SPECIES	Azorella madreporica Clos	Azorella madreporica Clos		AR	Cerro Anecón Grande	Río Negro	PRESENT		b6f05cf0-43ce-11d9-8439-b8a03c50a862	-41.09	-68.95											6026493	6026493	PRESERVED_SPECIMEN	LP	HERB	392196		-		CC_BY_4_0		Feruglio, -			2025-01-10T23:36:00.487Z		GEODETIC_DATUM_ASSUMED_WGS84;CONTINENT_DERIVED_FROM_COORDINATES;COLLECTION_MATCH_NONE;INSTITUTION_MATCH_FUZZY
416852457	f5de707d-eba1-4f1a-b1df-1a7fa27b1bc7		Plantae	Tracheophyta	Magnoliopsida	Apiales	Apiaceae	Azorella	Azorella madreporica		SPECIES	Azorella madreporica Clos	Azorella madreporica Clos		AR	Paso Roballos	Santa Cruz	PRESENT		b6f05cf0-43ce-11d9-8439-b8a03c50a862	-46.63	-70.75											6026493	6026493	PRESERVED_SPECIMEN	BAB	HERB	392199		-		CC_BY_4_0		Boelcke, O.			2025-01-10T23:36:00.386Z		GEODETIC_DATUM_ASSUMED_WGS84;CONTINENT_DERIVED_FROM_COORDINATES;COLLECTION_MATCH_NONE;INSTITUTION_MATCH_FUZZY
416852456	f5de707d-eba1-4f1a-b1df-1a7fa27b1bc7		Plantae	Tracheophyta	Magnoliopsida	Apiales	Apiaceae	Azorella	Azorella madreporica		SPECIES	Azorella madreporica Clos	Azorella madreporica Clos		AR	Cordón de Ruca Choroi	Neuquén	PRESENT		b6f05cf0-43ce-11d9-8439-b8a03c50a862	-39.11	-71.09											6026493	6026493	PRESERVED_SPECIMEN	BAB	HERB	392195		-		CC_BY_4_0		Rossow, R. A.			2025-01-10T23:36:00.402Z		GEODETIC_DATUM_ASSUMED_WGS84;CONTINENT_DERIVED_FROM_COORDINATES;COLLECTION_MATCH_NONE;INSTITUTION_MATCH_FUZZY
416852455	f5de707d-eba1-4f1a-b1df-1a7fa27b1bc7		Plantae	Tracheophyta	Magnoliopsida	Apiales	Apiaceae	Azorella	Azorella madreporica		SPECIES	Azorella madreporica Clos	Azorella madreporica Clos		AR	Paso Pino Hachado, Cerro Tres Hermanas	Neuquén	PRESENT		b6f05cf0-43ce-11d9-8439-b8a03c50a862	-38.58	-70.43											6026493	6026493	PRESERVED_SPECIMEN	BAB	HERB	392194		-		CC_BY_4_0		Rossow, R. A.			2025-01-10T23:36:00.685Z		GEODETIC_DATUM_ASSUMED_WGS84;CONTINENT_DERIVED_FROM_COORDINATES;COLLECTION_MATCH_NONE;INSTITUTION_MATCH_FUZZY
416852454	f5de707d-eba1-4f1a-b1df-1a7fa27b1bc7		Plantae	Tracheophyta	Magnoliopsida	Apiales	Apiaceae	Azorella	Azorella madreporica		SPECIES	Azorella madreporica Clos	Azorella madreporica Clos		AR	Cerro Butahuao	Neuquén	PRESENT		b6f05cf0-43ce-11d9-8439-b8a03c50a862	-38.02	-70.22											6026493	6026493	PRESERVED_SPECIMEN	BAB	HERB	392193		-		CC_BY_4_0		Rossow, R. A.			2025-01-10T23:36:00.927Z		GEODETIC_DATUM_ASSUMED_WGS84;CONTINENT_DERIVED_FROM_COORDINATES;COLLECTION_MATCH_NONE;INSTITUTION_MATCH_FUZZY
416852453	f5de707d-eba1-4f1a-b1df-1a7fa27b1bc7		Plantae	Tracheophyta	Magnoliopsida	Apiales	Apiaceae	Azorella	Azorella madreporica		SPECIES	Azorella madreporica Clos	Azorella madreporica Clos		AR	Extremo NW de La Pampa Ferraina.	Neuquén	PRESENT		b6f05cf0-43ce-11d9-8439-b8a03c50a862	-36.72	-70.47											6026493	6026493	PRESERVED_SPECIMEN	BAB	HERB	392191		Constance, L.		CC_BY_4_0		Boelcke, O.			2025-01-10T23:36:00.436Z		GEODETIC_DATUM_ASSUMED_WGS84;CONTINENT_DERIVED_FROM_COORDINATES;COLLECTION_MATCH_NONE;INSTITUTION_MATCH_FUZZY
416852452	f5de707d-eba1-4f1a-b1df-1a7fa27b1bc7		Plantae	Tracheophyta	Magnoliopsida	Apiales	Apiaceae	Azorella	Azorella madreporica		SPECIES	Azorella madreporica Clos	Azorella madreporica Clos		AR	Cajón del Arroyo del Cruce	Neuquén	PRESENT		b6f05cf0-43ce-11d9-8439-b8a03c50a862	-36.85	-70.26											6026493	6026493	PRESERVED_SPECIMEN	BAB	HERB	392190		Constance, L.		CC_BY_4_0		Boelcke, O.			2025-01-10T23:36:00.467Z		GEODETIC_DATUM_ASSUMED_WGS84;CONTINENT_DERIVED_FROM_COORDINATES;COLLECTION_MATCH_NONE;INSTITUTION_MATCH_FUZZY
416852451	f5de707d-eba1-4f1a-b1df-1a7fa27b1bc7		Plantae	Tracheophyta	Magnoliopsida	Apiales	Apiaceae	Azorella	Azorella madreporica		SPECIES	Azorella madreporica Clos	Azorella madreporica Clos		AR	Valle Superior del Arroyo Atreuco	Neuquén	PRESENT		b6f05cf0-43ce-11d9-8439-b8a03c50a862	-36.75	-70.53											6026493	6026493	PRESERVED_SPECIMEN	BAB	HERB	392187		Constance, L.		CC_BY_4_0		Boelcke, O.			2025-01-10T23:36:00.753Z		GEODETIC_DATUM_ASSUMED_WGS84;CONTINENT_DERIVED_FROM_COORDINATES;COLLECTION_MATCH_NONE;INSTITUTION_MATCH_FUZZY
416852418	f5de707d-eba1-4f1a-b1df-1a7fa27b1bc7		Plantae	Tracheophyta	Magnoliopsida	Apiales	Apiaceae	Azorella	Azorella madreporica		SPECIES	Azorella madreporica Clos	Azorella madreporica Clos		AR	Valle Superior del Arroyo Atreuco	Neuquén	PRESENT		b6f05cf0-43ce-11d9-8439-b8a03c50a862	-36.75	-70.53											6026493	6026493	PRESERVED_SPECIMEN	BAA	HERB	392188		Constance, L.		CC_BY_4_0		Boelcke, O.			2025-01-10T23:36:00.926Z		GEODETIC_DATUM_ASSUMED_WGS84;CONTINENT_DERIVED_FROM_COORDINATES;COLLECTION_MATCH_NONE;INSTITUTION_MATCH_FUZZY
4067199950	50c9509d-22c7-4a22-a47d-8c48425ef4a7	https://www.inaturalist.org/observations/151261576	Plantae	Tracheophyta	Magnoliopsida	Apiales	Apiaceae	Azorella	Azorella madreporica		SPECIES	Azorella madreporica Clos	Azorella madreporica		CL		Atacama	PRESENT		28eb1a3f-1c15-4a95-931a-4af90ecb574d	-29.269864	-70.075185	315.0						2020-08-19T19:51	19	8	2020	6026493	6026493	HUMAN_OBSERVATION	iNaturalist	Observations	151261576		Nicolás Arcos	2023-03-16T01:08:22	CC_BY_NC_4_0	Nicolás Arcos	Nicolás Arcos			2024-12-16T12:14:11.891Z	StillImage	COORDINATE_ROUNDED;CONTINENT_DERIVED_FROM_COORDINATES;TAXON_MATCH_TAXON_ID_IGNORED
4061758939	e053ff53-c156-4e2e-b9b5-4462e9625424	urn:catalog:MO:Tropicos:2483247	Plantae	Tracheophyta	Magnoliopsida	Apiales	Apiaceae	Azorella	Azorella madreporica		SPECIES	Azorella madreporica Clos	Azorella madreporica Clos	Clos	CL	Coquimbo. Llareta de Coquimbo	Coquimbo	PRESENT		90fd6680-349f-11d8-aa2d-b8a03c50a862													6026493	6026493	PRESERVED_SPECIMEN		Tropicos	2483247	513			CC_BY_4_0	Missouri Botanical Garden	Claude Gay			2025-01-11T15:26:08.765Z		TAXON_MATCH_TAXON_ID_IGNORED;INSTITUTION_MATCH_NONE
4052843322	7c5e863f-3f70-4933-b05d-fc57c66dd3f3	96a194cf-0c5a-41fe-9c19-c549d721b7cf	Plantae	Tracheophyta	Magnoliopsida	Apiales	Apiaceae	Azorella	Azorella madreporica		SPECIES	Azorella madreporica Clos	Azorella madreporica		CL			PRESENT		4cadac10-3e7b-11d9-8439-b8a03c50a862													6026493	6026493	PRESERVED_SPECIMEN	COLO	V	02606564				CC_BY_4_0					2025-01-09T11:04:37.624Z	StillImage	AMBIGUOUS_INSTITUTION
4052840320	7c5e863f-3f70-4933-b05d-fc57c66dd3f3	d5d5b65d-439a-41a8-96f6-074a5da6e41a	Plantae	Tracheophyta	Magnoliopsida	Apiales	Apiaceae	Azorella	Azorella madreporica		SPECIES	Azorella madreporica Clos	Azorella madreporica		CL			PRESENT		4cadac10-3e7b-11d9-8439-b8a03c50a862													6026493	6026493	PRESERVED_SPECIMEN	COLO	V	02606556				CC_BY_4_0					2025-01-09T11:04:37.518Z	StillImage	AMBIGUOUS_INSTITUTION
4052839323	7c5e863f-3f70-4933-b05d-fc57c66dd3f3	8dded568-04bf-4724-9bd0-ef44dcef72e1	Plantae	Tracheophyta	Magnoliopsida	Apiales	Apiaceae	Azorella	Azorella madreporica		SPECIES	Azorella piligera Phil.	Azorella piligera		CL			PRESENT		4cadac10-3e7b-11d9-8439-b8a03c50a862													3630890	6026493	PRESERVED_SPECIMEN	COLO	V	02594513				CC_BY_4_0					2025-01-09T11:04:37.624Z	StillImage	AMBIGUOUS_INSTITUTION
4052837323	7c5e863f-3f70-4933-b05d-fc57c66dd3f3	d6099e10-c470-4278-937a-0e819025c890	Plantae	Tracheophyta	Magnoliopsida	Apiales	Apiaceae	Azorella	Azorella madreporica		SPECIES	Azorella madreporica Clos	Azorella madreporica		CL			PRESENT		4cadac10-3e7b-11d9-8439-b8a03c50a862													6026493	6026493	PRESERVED_SPECIMEN	COLO	V	02606580				CC_BY_4_0					2025-01-09T11:04:37.805Z	StillImage	AMBIGUOUS_INSTITUTION
4052836324	7c5e863f-3f70-4933-b05d-fc57c66dd3f3	8afe5a6c-5277-458d-93ef-81c7507a1e50	Plantae	Tracheophyta	Magnoliopsida	Apiales	Apiaceae	Azorella	Azorella madreporica		SPECIES	Azorella madreporica Clos	Azorella madreporica		CL			PRESENT		4cadac10-3e7b-11d9-8439-b8a03c50a862													6026493	6026493	PRESERVED_SPECIMEN	COLO	V	02606572				CC_BY_4_0					2025-01-09T11:04:37.534Z	StillImage	AMBIGUOUS_INSTITUTION
4028837764	50c9509d-22c7-4a22-a47d-8c48425ef4a7	https://www.inaturalist.org/observations/147575151	Plantae	Tracheophyta	Magnoliopsida	Apiales	Apiaceae	Azorella	Azorella madreporica		SPECIES	Azorella madreporica Clos	Azorella madreporica		CL		Región Metropolitana de Santiago	PRESENT		28eb1a3f-1c15-4a95-931a-4af90ecb574d	-33.327349	-70.248982	4.0						2023-01-16T09:26	16	1	2023	6026493	6026493	HUMAN_OBSERVATION	iNaturalist	Observations	147575151		Paulo Muñoz	2023-01-29T01:04:46	CC_BY_NC_4_0	Paulo Muñoz	Paulo Muñoz			2024-12-16T12:18:12.065Z	StillImage	COORDINATE_ROUNDED;CONTINENT_DERIVED_FROM_COORDINATES;TAXON_MATCH_TAXON_ID_IGNORED
4028806398	50c9509d-22c7-4a22-a47d-8c48425ef4a7	https://www.inaturalist.org/observations/70534390	Plantae	Tracheophyta	Magnoliopsida	Apiales	Apiaceae	Azorella	Azorella madreporica		SPECIES	Azorella madreporica Clos	Azorella madreporica		CL		Región Metropolitana de Santiago	PRESENT		28eb1a3f-1c15-4a95-931a-4af90ecb574d	-33.317024	-70.262512							2021-02-21T10:27:07	21	2	2021	6026493	6026493	HUMAN_OBSERVATION	iNaturalist	Observations	70534390		Kai-Philipp Schablewski	2021-07-11T03:03:52	CC_BY_4_0	Darío De la Fuente	Darío De la Fuente			2024-12-16T11:27:59.001Z	StillImage	COORDINATE_ROUNDED;CONTINENT_DERIVED_FROM_COORDINATES;TAXON_MATCH_TAXON_ID_IGNORED
4028699340	50c9509d-22c7-4a22-a47d-8c48425ef4a7	https://www.inaturalist.org/observations/19178105	Plantae	Tracheophyta	Magnoliopsida	Apiales	Apiaceae	Azorella	Azorella madreporica		SPECIES	Azorella madreporica Clos	Azorella madreporica		CL		Región Metropolitana de Santiago	PRESENT		28eb1a3f-1c15-4a95-931a-4af90ecb574d	-33.323638	-70.240109	4.0						2018-12-22T12:08:46	22	12	2018	6026493	6026493	HUMAN_OBSERVATION	iNaturalist	Observations	19178105		Kai-Philipp Schablewski	2020-04-23T21:36:36	CC_BY_NC_4_0	Sarah and Fernando	Sarah and Fernando			2024-12-16T11:19:50.680Z	StillImage	COORDINATE_ROUNDED;CONTINENT_DERIVED_FROM_COORDINATES;TAXON_MATCH_TAXON_ID_IGNORED
4028688357	50c9509d-22c7-4a22-a47d-8c48425ef4a7	https://www.inaturalist.org/observations/36711021	Plantae	Tracheophyta	Magnoliopsida	Apiales	Apiaceae	Azorella	Azorella madreporica		SPECIES	Azorella madreporica Clos	Azorella madreporica		CL		Región Metropolitana de Santiago	PRESENT		28eb1a3f-1c15-4a95-931a-4af90ecb574d	-33.338417	-70.245797	10.0						2019-12-15T18:19:48	15	12	2019	6026493	6026493	HUMAN_OBSERVATION	iNaturalist	Observations	36711021		Kai-Philipp Schablewski	2020-12-30T11:39:03	CC_BY_4_0	Matt Berger	Matt Berger			2024-12-16T11:22:22.798Z	StillImage	COORDINATE_ROUNDED;CONTINENT_DERIVED_FROM_COORDINATES;TAXON_MATCH_TAXON_ID_IGNORED
4017113997	d8cd16ba-bb74-4420-821e-083f2bac17c2	JX034885	Plantae	Tracheophyta	Magnoliopsida	Apiales	Apiaceae	Azorella	Azorella madreporica		SPECIES	Azorella madreporica Clos	Azorella madreporica					PRESENT		ada9d123-ddb4-467d-8891-806ea8d94230													6026493	6026493	PRESERVED_SPECIMEN			Calvino 717 (BCRU)				CC_BY_4_0					2025-01-11T12:50:21.006Z		TAXON_MATCH_TAXON_CONCEPT_ID_IGNORED;TAXON_MATCH_TAXON_ID_IGNORED
4008248081	d8cd16ba-bb74-4420-821e-083f2bac17c2	KM672228	Plantae	Tracheophyta	Magnoliopsida	Apiales	Apiaceae	Azorella	Azorella madreporica		SPECIES	Azorella madreporica Clos	Azorella madreporica					PRESENT		ada9d123-ddb4-467d-8891-806ea8d94230													6026493	6026493	PRESERVED_SPECIMEN			Calvino et al. 717 (BCRU)				CC_BY_4_0					2025-01-11T12:49:13.472Z		TAXON_MATCH_TAXON_CONCEPT_ID_IGNORED;TAXON_MATCH_TAXON_ID_IGNORED
3923696268	50c9509d-22c7-4a22-a47d-8c48425ef4a7	https://www.inaturalist.org/observations/137232526	Plantae	Tracheophyta	Magnoliopsida	Apiales	Apiaceae	Azorella	Azorella madreporica		SPECIES	Azorella madreporica Clos	Azorella madreporica		CL		Región Metropolitana de Santiago	PRESENT		28eb1a3f-1c15-4a95-931a-4af90ecb574d	-33.506839	-70.449399	149.0						2022-09-25T15:50:47	25	9	2022	6026493	6026493	HUMAN_OBSERVATION	iNaturalist	Observations	137232526		Mauricio Rebolledo	2022-10-02T02:24:56	CC_BY_NC_4_0	Mauricio Rebolledo	Mauricio Rebolledo			2024-12-16T11:39:38.614Z	StillImage	COORDINATE_ROUNDED;CONTINENT_DERIVED_FROM_COORDINATES;TAXON_MATCH_TAXON_ID_IGNORED
3888831322	50c9509d-22c7-4a22-a47d-8c48425ef4a7	https://www.inaturalist.org/observations/36712596	Plantae	Tracheophyta	Magnoliopsida	Apiales	Apiaceae	Azorella	Azorella madreporica		SPECIES	Azorella madreporica Clos	Azorella madreporica		CL		Región Metropolitana de Santiago	PRESENT		28eb1a3f-1c15-4a95-931a-4af90ecb574d	-33.334022	-70.246583	5.0						2019-12-15T18:43:49	15	12	2019	6026493	6026493	HUMAN_OBSERVATION	iNaturalist	Observations	36712596		Kai-Philipp Schablewski	2022-08-05T15:48:19	CC_BY_4_0	Matt Berger	Matt Berger			2024-12-16T11:22:37.093Z	StillImage	COORDINATE_ROUNDED;CONTINENT_DERIVED_FROM_COORDINATES;TAXON_MATCH_TAXON_ID_IGNORED
3808193448	0f99f0f9-e32a-4deb-ad51-4e729dc9f274	PUCV:herb:angio:3111	Plantae	Tracheophyta	Magnoliopsida	Apiales	Apiaceae	Azorella	Azorella madreporica		SPECIES	Azorella madreporica Clos	Azorella madreporica Clos	Clos	CL	Paso Pedro Pablo	Valparaíso	PRESENT		025d493f-c50c-4d6e-948b-62e86c86a49f	-32.583	-70.183			3000.0				1970-03-02	2	3	1970	6026493	6026493	PRESERVED_SPECIMEN	PUCV	angio	angio:3111		Lincoln Constance		CC_BY_NC_4_0		Otto Zöellner Sch.			2024-01-26T12:12:29.881Z		COLLECTION_MATCH_NONE;INSTITUTION_MATCH_FUZZY
3456767281	50c9509d-22c7-4a22-a47d-8c48425ef4a7	https://www.inaturalist.org/observations/102405106	Plantae	Tracheophyta	Magnoliopsida	Apiales	Apiaceae	Azorella	Azorella madreporica		SPECIES	Azorella madreporica Clos	Azorella madreporica		CL		Región Metropolitana de Santiago	PRESENT		28eb1a3f-1c15-4a95-931a-4af90ecb574d	-33.22544	-70.270008							2021-11-22	22	11	2021	6026493	6026493	HUMAN_OBSERVATION	iNaturalist	Observations	102405106		Macarena Andrea Villalobos Farías	2021-12-03T12:31:25	CC_BY_NC_4_0	Macarena Andrea Villalobos Farías	Macarena Andrea Villalobos Farías			2024-12-16T12:11:18.620Z	StillImage	COORDINATE_ROUNDED;CONTINENT_DERIVED_FROM_COORDINATES;TAXON_MATCH_TAXON_ID_IGNORED
3439886088	202cdfcf-0eac-4696-9e48-4797c562ff41	http://id.luomus.fi/MY.8724959	Plantae	Tracheophyta	Magnoliopsida	Apiales	Apiaceae	Azorella	Azorella madreporica		SPECIES	Azorella madreporica Clos	Azorella madreporica					PRESENT		04fd2e13-6881-4e5c-9dd1-8fdd9ab993c1													6026493	6026493	PRESERVED_SPECIMEN	H		http://id.luomus.fi/C.456631				CC_BY_4_0					2025-01-11T07:27:33.193Z	StillImage	COLLECTION_MATCH_NONE;INSTITUTION_MATCH_FUZZY
3439659777	202cdfcf-0eac-4696-9e48-4797c562ff41	http://id.luomus.fi/MY.8724955	Plantae	Tracheophyta	Magnoliopsida	Apiales	Apiaceae	Azorella	Azorella madreporica		SPECIES	Azorella madreporica Clos	Azorella madreporica					PRESENT		04fd2e13-6881-4e5c-9dd1-8fdd9ab993c1													6026493	6026493	PRESERVED_SPECIMEN	H		http://id.luomus.fi/C.456630				CC_BY_4_0					2025-01-11T07:27:33.276Z	StillImage	COLLECTION_MATCH_NONE;INSTITUTION_MATCH_FUZZY
3415465961	50c9509d-22c7-4a22-a47d-8c48425ef4a7	https://www.inaturalist.org/observations/97932821	Plantae	Tracheophyta	Magnoliopsida	Apiales	Apiaceae	Azorella	Azorella madreporica		SPECIES	Azorella madreporica Clos	Azorella madreporica		CL		Región Metropolitana de Santiago	PRESENT		28eb1a3f-1c15-4a95-931a-4af90ecb574d	-33.329145	-70.245464							2019-11-20T11:56Z	20	11	2019	6026493	6026493	HUMAN_OBSERVATION	iNaturalist	Observations	97932821		danielaperezorellana	2021-11-06T12:18:27	CC_BY_NC_4_0	danielaperezorellana	danielaperezorellana			2024-12-16T11:33:10.918Z	StillImage	CONTINENT_DERIVED_FROM_COORDINATES;TAXON_MATCH_TAXON_ID_IGNORED
3350631501	d8cd16ba-bb74-4420-821e-083f2bac17c2	KM672227	Plantae	Tracheophyta	Magnoliopsida	Apiales	Apiaceae	Azorella	Azorella madreporica		SPECIES	Azorella madreporica Clos	Azorella madreporica					PRESENT		ada9d123-ddb4-467d-8891-806ea8d94230													6026493	6026493	PRESERVED_SPECIMEN			Calvino et al. 716 (BCRU)				CC_BY_4_0					2025-01-11T12:50:20.411Z		TAXON_MATCH_TAXON_CONCEPT_ID_IGNORED;TAXON_MATCH_TAXON_ID_IGNORED
3349658489	d8cd16ba-bb74-4420-821e-083f2bac17c2	DQ133842	Plantae	Tracheophyta	Magnoliopsida	Apiales	Apiaceae	Azorella	Azorella madreporica		SPECIES	Azorella madreporica Clos	Azorella madreporica					PRESENT		ada9d123-ddb4-467d-8891-806ea8d94230													6026493	6026493	PRESERVED_SPECIMEN			Johnston 6048 (S)				CC_BY_4_0					2025-01-11T12:48:54.566Z		TAXON_MATCH_TAXON_CONCEPT_ID_IGNORED;TAXON_MATCH_TAXON_ID_IGNORED
3347119049	d8cd16ba-bb74-4420-821e-083f2bac17c2	JX034811	Plantae	Tracheophyta	Magnoliopsida	Apiales	Apiaceae	Azorella	Azorella madreporica		SPECIES	Azorella madreporica Clos	Azorella madreporica					PRESENT		ada9d123-ddb4-467d-8891-806ea8d94230													6026493	6026493	PRESERVED_SPECIMEN			Cowan 4236 (NY)				CC_BY_4_0					2025-01-11T12:50:16.978Z		TAXON_MATCH_TAXON_CONCEPT_ID_IGNORED;TAXON_MATCH_TAXON_ID_IGNORED
3327701895	50c9509d-22c7-4a22-a47d-8c48425ef4a7	https://www.inaturalist.org/observations/86485629	Plantae	Tracheophyta	Magnoliopsida	Apiales	Apiaceae	Azorella	Azorella madreporica		SPECIES	Azorella madreporica Clos	Azorella madreporica		CL		Atacama	PRESENT		28eb1a3f-1c15-4a95-931a-4af90ecb574d	-29.329898	-70.343508	1891.0						2017-05-04T17:36Z	4	5	2017	6026493	6026493	HUMAN_OBSERVATION	iNaturalist	Observations	86485629		Kai-Philipp Schablewski	2021-07-11T02:44:39	CC_BY_NC_4_0	danielaperezorellana	danielaperezorellana			2024-12-16T12:05:47.034Z	StillImage	COORDINATE_ROUNDED;CONTINENT_DERIVED_FROM_COORDINATES;TAXON_MATCH_TAXON_ID_IGNORED
3302191938	50c9509d-22c7-4a22-a47d-8c48425ef4a7	https://www.inaturalist.org/observations/81794713	Plantae	Tracheophyta	Magnoliopsida	Apiales	Apiaceae	Azorella	Azorella madreporica		SPECIES	Azorella madreporica Clos	Azorella madreporica		CL		Región Metropolitana de Santiago	PRESENT		28eb1a3f-1c15-4a95-931a-4af90ecb574d	-33.329145	-70.245464	1812.0						2015-01-14T12:32Z	14	1	2015	6026493	6026493	HUMAN_OBSERVATION	iNaturalist	Observations	81794713		danielaperezorellana	2021-06-06T00:52:04	CC_BY_NC_4_0	danielaperezorellana	danielaperezorellana			2024-12-16T11:30:33.058Z	StillImage	COORDINATE_ROUNDED;CONTINENT_DERIVED_FROM_COORDINATES;TAXON_MATCH_TAXON_ID_IGNORED
3302177174	50c9509d-22c7-4a22-a47d-8c48425ef4a7	https://www.inaturalist.org/observations/81405930	Plantae	Tracheophyta	Magnoliopsida	Apiales	Apiaceae	Azorella	Azorella madreporica		SPECIES	Azorella madreporica Clos	Azorella madreporica		AR		Chubut	PRESENT		28eb1a3f-1c15-4a95-931a-4af90ecb574d	-42.815717	-71.265447	61.0						2017-12-01T09:40	1	12	2017	6026493	6026493	HUMAN_OBSERVATION	iNaturalist	Observations	81405930		Kai-Philipp Schablewski	2021-06-03T12:40:34	CC_BY_NC_4_0	danplant	danplant			2024-12-16T11:28:26.756Z	StillImage	COORDINATE_ROUNDED;CONTINENT_DERIVED_FROM_COORDINATES;TAXON_MATCH_TAXON_ID_IGNORED
3125273509	9b7d1acf-b22f-4a1f-b6e8-f1ddd744dc07	2874865B-8D42-40D7-97F3-B592A5DEB45A	Plantae	Tracheophyta	Magnoliopsida	Apiales	Apiaceae	Azorella	Azorella madreporica		SPECIES	Azorella madreporica Clos	Azorella madreporica	Clos	CL	West slope of main range of the Andes along road from Santiago to the copper mines of La Disputada. Valle de San Francisco above La Disputada	Santiago	PRESENT		8a471700-4ce8-11db-b80e-b8a03c50a862					2880.0				1976-11-10	10	11	1976	6026493	6026493	PRESERVED_SPECIMEN	SD			867			CC_BY_NC_4_0		W. A. Weber; B. Johnston			2025-01-07T22:23:04.447Z		TAXON_MATCH_TAXON_ID_IGNORED;COLLECTION_MATCH_NONE;INSTITUTION_MATCH_FUZZY
3097303373	50c9509d-22c7-4a22-a47d-8c48425ef4a7	https://www.inaturalist.org/observations/38337866	Plantae	Tracheophyta	Magnoliopsida	Apiales	Apiaceae	Azorella	Azorella madreporica		SPECIES	Azorella madreporica Clos	Azorella madreporica		CL		Región Metropolitana de Santiago	PRESENT		28eb1a3f-1c15-4a95-931a-4af90ecb574d	-33.14269	-70.375535	32.0						2020-02-05T11:51:56	5	2	2020	6026493	6026493	HUMAN_OBSERVATION	iNaturalist	Observations	38337866		Aira Francisca Faúndez Fallau	2020-02-05T20:27:52	CC_BY_4_0	Aira Francisca Faúndez Fallau	Aira Francisca Faúndez Fallau			2024-12-16T11:22:43.108Z	StillImage	COORDINATE_ROUNDED;CONTINENT_DERIVED_FROM_COORDINATES;TAXON_MATCH_TAXON_ID_IGNORED
3097300378	50c9509d-22c7-4a22-a47d-8c48425ef4a7	https://www.inaturalist.org/observations/38338541	Plantae	Tracheophyta	Magnoliopsida	Apiales	Apiaceae	Azorella	Azorella madreporica		SPECIES	Azorella madreporica Clos	Azorella madreporica		CL		Región Metropolitana de Santiago	PRESENT		28eb1a3f-1c15-4a95-931a-4af90ecb574d	-33.149428	-70.366383	8.0						2020-02-05T12:40:36	5	2	2020	6026493	6026493	HUMAN_OBSERVATION	iNaturalist	Observations	38338541		Aira Francisca Faúndez Fallau	2020-02-05T20:50:09	CC_BY_4_0	Aira Francisca Faúndez Fallau	Aira Francisca Faúndez Fallau			2024-12-16T12:31:17.253Z	StillImage	COORDINATE_ROUNDED;CONTINENT_DERIVED_FROM_COORDINATES;TAXON_MATCH_TAXON_ID_IGNORED
3097167385	50c9509d-22c7-4a22-a47d-8c48425ef4a7	https://www.inaturalist.org/observations/38368185	Plantae	Tracheophyta	Magnoliopsida	Apiales	Apiaceae	Azorella	Azorella madreporica		SPECIES	Azorella madreporica Clos	Azorella madreporica		CL		Región Metropolitana de Santiago	PRESENT		28eb1a3f-1c15-4a95-931a-4af90ecb574d	-33.1363	-70.381645	8.0						2020-02-06T11:23:05	6	2	2020	6026493	6026493	HUMAN_OBSERVATION	iNaturalist	Observations	38368185		Aira Francisca Faúndez Fallau	2020-02-06T20:52:57	CC_BY_4_0	Aira Francisca Faúndez Fallau	Aira Francisca Faúndez Fallau			2024-12-16T11:22:26.362Z	StillImage	COORDINATE_ROUNDED;CONTINENT_DERIVED_FROM_COORDINATES;TAXON_MATCH_TAXON_ID_IGNORED
3046125901	966426ce-f762-11e1-a439-00145eb45e9a		Plantae	Tracheophyta	Magnoliopsida	Apiales	Apiaceae	Azorella	Azorella madreporica		SPECIES	Azorella muscoides Phil.	Azorella muscoides Phil.		CL	Cordil. de Maule (sedes orientalis)		PRESENT		c76cf030-2a95-11da-9cc1-b8a03c50a862													3631131	6026493	PRESERVED_SPECIMEN	SMF	FR	FR-0036189				CC_BY_4_0					2025-01-07T17:54:42.861Z	StillImage	RECORDED_DATE_INVALID;INSTITUTION_MATCH_FUZZY;INSTITUTION_COLLECTION_MISMATCH
2998588901	ebed4456-76d2-408c-8467-fd66be066521	2793404	Plantae	Tracheophyta	Magnoliopsida	Apiales	Apiaceae	Azorella	Azorella madreporica		SPECIES	Azorella madreporica Clos	Azorella madreporica Clos	Clos				PRESENT		838537fc-4aeb-4980-8b58-97fbdcd1d91a													6026493	6026493	PRESERVED_SPECIMEN	K	K	K000529591	s.n.			CC_BY_4_0	K	Gay, C.			2025-01-01T12:18:13.150Z		IDENTIFIED_DATE_INVALID;INSTITUTION_MATCH_FUZZY;COLLECTION_MATCH_FUZZY
2998586943	ebed4456-76d2-408c-8467-fd66be066521	2793402	Plantae	Tracheophyta	Magnoliopsida	Apiales	Apiaceae	Azorella	Azorella madreporica		SPECIES	Azorella madreporica Clos	Azorella madreporica Clos	Clos				PRESENT		838537fc-4aeb-4980-8b58-97fbdcd1d91a													6026493	6026493	PRESERVED_SPECIMEN	K	K	K000529589	s.n.			CC_BY_4_0	K	Gay, C.			2025-01-01T12:18:13.068Z		IDENTIFIED_DATE_INVALID;INSTITUTION_MATCH_FUZZY;COLLECTION_MATCH_FUZZY
2998584991	ebed4456-76d2-408c-8467-fd66be066521	2793403	Plantae	Tracheophyta	Magnoliopsida	Apiales	Apiaceae	Azorella	Azorella madreporica		SPECIES	Azorella madreporica Clos	Azorella madreporica Clos	Clos				PRESENT		838537fc-4aeb-4980-8b58-97fbdcd1d91a													6026493	6026493	PRESERVED_SPECIMEN	K	K	K000529590	s.n.			CC_BY_4_0	K	Gay, C.			2025-01-01T12:18:13.060Z		IDENTIFIED_DATE_INVALID;INSTITUTION_MATCH_FUZZY;COLLECTION_MATCH_FUZZY
2998329913	ebed4456-76d2-408c-8467-fd66be066521	2793405	Plantae	Tracheophyta	Magnoliopsida	Apiales	Apiaceae	Azorella	Azorella madreporica		SPECIES	Azorella madreporica Clos	Azorella madreporica Clos	Clos				PRESENT		838537fc-4aeb-4980-8b58-97fbdcd1d91a													6026493	6026493	PRESERVED_SPECIMEN	K	K	K000529592	s.n.			CC_BY_4_0	K	[Gay]			2025-01-01T12:18:13.514Z		IDENTIFIED_DATE_INVALID;INSTITUTION_MATCH_FUZZY;COLLECTION_MATCH_FUZZY
2850693352	50c9509d-22c7-4a22-a47d-8c48425ef4a7	https://www.inaturalist.org/observations/55463858	Plantae	Tracheophyta	Magnoliopsida	Apiales	Apiaceae	Azorella	Azorella madreporica		SPECIES	Azorella madreporica Clos	Azorella madreporica		CL		Región Metropolitana de Santiago	PRESENT		28eb1a3f-1c15-4a95-931a-4af90ecb574d	-33.288288	-70.220836	15.0						2019-04-19T12:06	19	4	2019	6026493	6026493	HUMAN_OBSERVATION	iNaturalist	Observations	55463858		brian steven	2020-08-05T05:04:43	CC_BY_NC_4_0	brian steven	brian steven			2024-12-16T11:25:41.267Z	StillImage	COORDINATE_ROUNDED;CONTINENT_DERIVED_FROM_COORDINATES;TAXON_MATCH_TAXON_ID_IGNORED
2609073594	50c9509d-22c7-4a22-a47d-8c48425ef4a7	https://www.inaturalist.org/observations/22963012	Plantae	Tracheophyta	Magnoliopsida	Apiales	Apiaceae	Azorella	Azorella madreporica		SPECIES	Azorella madreporica Clos	Azorella madreporica		CL		Región Metropolitana de Santiago	PRESENT		28eb1a3f-1c15-4a95-931a-4af90ecb574d	-33.233572	-70.307588	28984.0						2019-01-01	1	1	2019	6026493	6026493	HUMAN_OBSERVATION	iNaturalist	Observations	22963012		Kai-Philipp Schablewski	2019-11-15T18:00:56	CC_BY_NC_4_0	orlandomontes	orlandomontes			2024-12-16T11:59:44.233Z	StillImage	COORDINATE_ROUNDED;CONTINENT_DERIVED_FROM_COORDINATES;TAXON_MATCH_TAXON_ID_IGNORED
2597546975	7f5260c2-f762-11e1-a439-00145eb45e9a	present	Plantae	Tracheophyta	Magnoliopsida	Apiales	Apiaceae	Azorella	Azorella madreporica		SPECIES	Azorella madreporica Clos	Azorella madreporica Clos	Clos	CL	Cord. d. Santiago		PRESENT		4e11d750-bafb-11d9-8e53-b8a03c50a862													6026493	6026493	PRESERVED_SPECIMEN	W	Herbarium W	0079430	s.n.	L. Constance 1963	1963-01-01T00:00:00	CC_BY_4_0		Philippi,R.A. s.n. [s.d.]			2025-01-10T08:00:49.899Z	StillImage	OCCURRENCE_STATUS_UNPARSABLE;INSTITUTION_MATCH_FUZZY;COLLECTION_MATCH_FUZZY
2597546971	7f5260c2-f762-11e1-a439-00145eb45e9a	present	Plantae	Tracheophyta	Magnoliopsida	Apiales	Apiaceae	Azorella	Azorella madreporica		SPECIES	Azorella madreporica Clos	Azorella madreporica Clos	Clos	CL	Cord. d. Linares		PRESENT		4e11d750-bafb-11d9-8e53-b8a03c50a862													6026493	6026493	PRESERVED_SPECIMEN	W	Herbarium W	0079429	s.n.	L. Constance 1963	1963-01-01T00:00:00	CC_BY_4_0		Philippi,R.A. s.n. [s.d.]			2025-01-10T08:00:49.958Z	StillImage	OCCURRENCE_STATUS_UNPARSABLE;INSTITUTION_MATCH_FUZZY;COLLECTION_MATCH_FUZZY
2597546969	7f5260c2-f762-11e1-a439-00145eb45e9a	present	Plantae	Tracheophyta	Magnoliopsida	Apiales	Apiaceae	Azorella	Azorella madreporica		SPECIES	Azorella madreporica Clos	Azorella madreporica Clos	Clos	CL	Cordill. de Linares		PRESENT		4e11d750-bafb-11d9-8e53-b8a03c50a862													6026493	6026493	PRESERVED_SPECIMEN	W	Herbarium W	1889-0126855	s.n.	L. Constance 1963	1963-01-01T00:00:00	CC_BY_4_0		Philippi,R.A. s.n. [s.d.]			2025-01-10T08:01:00.200Z	StillImage	OCCURRENCE_STATUS_UNPARSABLE;INSTITUTION_MATCH_FUZZY;COLLECTION_MATCH_FUZZY
2597546963	7f5260c2-f762-11e1-a439-00145eb45e9a	present	Plantae	Tracheophyta	Magnoliopsida	Apiales	Apiaceae	Azorella	Azorella madreporica		SPECIES	Azorella madreporica Clos	Azorella madreporica Clos	Clos	CL	Cord. d. Santiago		PRESENT		4e11d750-bafb-11d9-8e53-b8a03c50a862													6026493	6026493	PRESERVED_SPECIMEN	W	Herbarium W	0079431	s.n.	L. Constance 1963	1963-01-01T00:00:00	CC_BY_4_0		Philippi,R.A. s.n. [s.d.]			2025-01-10T08:00:49.991Z	StillImage	OCCURRENCE_STATUS_UNPARSABLE;INSTITUTION_MATCH_FUZZY;COLLECTION_MATCH_FUZZY
2596436018	50c9509d-22c7-4a22-a47d-8c48425ef4a7	https://www.inaturalist.org/observations/41133666	Plantae	Tracheophyta	Magnoliopsida	Apiales	Apiaceae	Azorella	Azorella madreporica		SPECIES	Azorella madreporica Clos	Azorella madreporica		CL		Región Metropolitana de Santiago	PRESENT		28eb1a3f-1c15-4a95-931a-4af90ecb574d	-33.318777	-70.266111	2893.0						2013-12-10T12:48	10	12	2013	6026493	6026493	HUMAN_OBSERVATION	iNaturalist	Observations	41133666		Fabien Anthelme	2020-03-31T22:26:25	CC_BY_NC_4_0	Fabien Anthelme	Fabien Anthelme			2024-12-16T12:02:06.319Z	StillImage	COORDINATE_ROUNDED;CONTINENT_DERIVED_FROM_COORDINATES;TAXON_MATCH_TAXON_ID_IGNORED
2516443731	15f819bd-6612-4447-854b-14d12ee1022d	https://data.biodiversitydata.nl/naturalis/specimen/L.2581385	Plantae	Tracheophyta	Magnoliopsida	Apiales	Apiaceae	Azorella	Azorella madreporica		SPECIES	Azorella madreporica Clos	Azorella madreporica Clos	Clos	CL	Prov. Aconcagua am Pass Perdo-Pablo in 3000 m.		PRESENT		396d5f30-dea9-11db-8ab4-b8a03c50a862									1970-03-02	2	3	1970	6026493	6026493	PRESERVED_SPECIMEN		Botany	L.2581385	Zöllner, O 3740			CC0_1_0	Naturalis Biodiversity Center	Zöllner O			2024-11-01T10:27:13.284Z	StillImage	
2465024114	744edc21-8dd2-474e-8a0b-b8c3d56a3c2d	3720373	Plantae	Tracheophyta	Magnoliopsida	Apiales	Apiaceae	Azorella	Azorella madreporica		SPECIES	Azorella madreporica Clos	Azorella madreporica Clos		CL			PRESENT		0870a77b-587c-4369-a8ed-bc3d347b8e1c	-33.316667	-70.25											6026493	6026493	HUMAN_OBSERVATION							CC_BY_NC_4_0	Kessy Abarenkov	Saleh Rahimlou			2024-06-15T23:39:22.536Z		GEODETIC_DATUM_INVALID;GEODETIC_DATUM_ASSUMED_WGS84;CONTINENT_DERIVED_FROM_COORDINATES;TAXON_MATCH_TAXON_ID_IGNORED
233807348	ad9599c0-16f7-11df-b5b3-b8a03c50a862		Plantae	Tracheophyta	Magnoliopsida	Apiales	Apiaceae	Azorella	Azorella madreporica		SPECIES	Azorella madreporica Clos	Azorella madreporica	Clos	AR	Cerro Alto El Petiso	Chubut	PRESENT		979dd240-16f7-11df-b5b3-b8a03c50a862					0.0	0.0	0.0	0.0	1999-01-10T00:00	10	1	1999	6026493	6026493	HUMAN_OBSERVATION	APN-AR	FUENTES	FERREYRA, 1999-16669-1				CC_BY_4_0					2025-01-11T00:31:39.673Z		
233807322	ad9599c0-16f7-11df-b5b3-b8a03c50a862		Plantae	Tracheophyta	Magnoliopsida	Apiales	Apiaceae	Azorella	Azorella madreporica		SPECIES	Azorella madreporica Clos	Azorella madreporica	Clos	AR	Cerro Meta	Rio negro	PRESENT		979dd240-16f7-11df-b5b3-b8a03c50a862					0.0	0.0	0.0	0.0					6026493	6026493	HUMAN_OBSERVATION	APN-AR	FUENTES	EZCURRA Y BRION, 2005-16669-1				CC_BY_4_0					2025-01-11T00:31:39.682Z		RECORDED_DATE_INVALID
233807271	ad9599c0-16f7-11df-b5b3-b8a03c50a862		Plantae	Tracheophyta	Magnoliopsida	Apiales	Apiaceae	Azorella	Azorella madreporica		SPECIES	Azorella madreporica Clos	Azorella madreporica	Clos	AR	co. Meta, cumbre y lad. S	Rio negro	PRESENT		979dd240-16f7-11df-b5b3-b8a03c50a862					0.0	0.0	0.0	0.0					6026493	6026493	HUMAN_OBSERVATION	APN-AR	FUENTES	FERREYRA ET AL, 1998B-16669-1				CC_BY_4_0					2025-01-11T00:31:39.447Z		RECORDED_DATE_INVALID
2236176119	821cc27a-e3bb-4bc5-ac34-89ada245069d	http://n2t.net/ark:/65665/3f5cde54f-7764-45c0-b168-515ff5e2a81f	Plantae	Tracheophyta	Magnoliopsida	Apiales	Apiaceae	Azorella	Azorella madreporica		SPECIES	Azorella madreporica Clos	Azorella madreporica	Clos	CL	Cordille de Maule Sedes Orientali.		PRESENT	1	bc092ff0-02e4-11dc-991f-b8a03c50a862													6026493	6026493	PRESERVED_SPECIMEN	US	US	US 56690	19638/4366			CC0_1_0		P. Germain			2025-01-02T13:40:35.993Z	StillImage	RECORDED_DATE_MISMATCH;OCCURRENCE_STATUS_INFERRED_FROM_INDIVIDUAL_COUNT
2236123169	821cc27a-e3bb-4bc5-ac34-89ada245069d	http://n2t.net/ark:/65665/3d8815b66-fbdb-403c-a150-4c7ad0609d03	Plantae	Tracheophyta	Magnoliopsida	Apiales	Apiaceae	Azorella	Azorella madreporica		SPECIES	Azorella madreporica Clos	Azorella madreporica	Clos	CL	Santiago: Perez Caldera, above rio San Francisco.	Región Metropolitana (RM)	PRESENT	1	bc092ff0-02e4-11dc-991f-b8a03c50a862					2800.0				1954-02-11	11	2	1954	6026493	6026493	PRESERVED_SPECIMEN	US	US	US 2279846	3503			CC0_1_0		L. Constance			2025-01-02T13:40:34.914Z	StillImage	OCCURRENCE_STATUS_INFERRED_FROM_INDIVIDUAL_COUNT
2236117155	821cc27a-e3bb-4bc5-ac34-89ada245069d	http://n2t.net/ark:/65665/3d5396b60-688c-417d-882b-e16987c6fae9	Plantae	Tracheophyta	Magnoliopsida	Apiales	Apiaceae	Azorella	Azorella madreporica		SPECIES	Azorella madreporica Clos	Azorella madreporica	Clos	AR	Calmuco, Alto Valle.	Mendoza	PRESENT	1	bc092ff0-02e4-11dc-991f-b8a03c50a862									1942-02-14	14	2	1942	6026493	6026493	PRESERVED_SPECIMEN	US	US	US 2056367	14189			CC0_1_0		A. E. Burkart, N. Troncoso & E. G. Nicora			2025-01-02T13:38:46.886Z	StillImage	OCCURRENCE_STATUS_INFERRED_FROM_INDIVIDUAL_COUNT
2236057314	821cc27a-e3bb-4bc5-ac34-89ada245069d	http://n2t.net/ark:/65665/3b42da887-af0e-45b2-b2a9-2fcb04cc7480	Plantae	Tracheophyta	Magnoliopsida	Apiales	Apiaceae	Azorella	Azorella madreporica		SPECIES	Azorella madreporica Clos	Azorella madreporica	Clos	CL	Cordille de Maule (sedes Orient).		PRESENT	1	bc092ff0-02e4-11dc-991f-b8a03c50a862													6026493	6026493	PRESERVED_SPECIMEN	US	US	US 56691	19638			CC0_1_0		P. Germain			2025-01-02T13:38:25.049Z	StillImage	RECORDED_DATE_MISMATCH;OCCURRENCE_STATUS_INFERRED_FROM_INDIVIDUAL_COUNT
2235999942	821cc27a-e3bb-4bc5-ac34-89ada245069d	http://n2t.net/ark:/65665/394544df0-0ca0-4d39-bff8-83c405623d6f	Plantae	Tracheophyta	Magnoliopsida	Apiales	Apiaceae	Azorella	Azorella madreporica		SPECIES	Azorella madreporica Clos	Azorella madreporica	Clos	CL	Northern Chile. Dept. Vallenar. Vicinity of Laguna Valeriano.	Atacama (III)	PRESENT	1	bc092ff0-02e4-11dc-991f-b8a03c50a862	-29.05	-69.87			4000.0				1926-01-08/1926-01-10		1	1926	6026493	6026493	PRESERVED_SPECIMEN	US	US	US 1497760	6048			CC0_1_0		I.M. Johnston			2025-01-02T13:38:05.296Z	StillImage	GEODETIC_DATUM_ASSUMED_WGS84;OCCURRENCE_STATUS_INFERRED_FROM_INDIVIDUAL_COUNT
2235873341	821cc27a-e3bb-4bc5-ac34-89ada245069d	http://n2t.net/ark:/65665/34e1a3ad8-0039-4301-a5e5-e3944ec7bc84	Plantae	Tracheophyta	Magnoliopsida	Apiales	Apiaceae	Azorella	Azorella madreporica		SPECIES	Azorella madreporica Clos	Azorella madreporica	Clos	CL	Paso de Pelambres. Crest of Cordilleras, Dept. Illapel.		PRESENT	1	bc092ff0-02e4-11dc-991f-b8a03c50a862					3600.0				1932-01		1	1932	6026493	6026493	PRESERVED_SPECIMEN	US	US	US 1930324	2130			CC0_1_0		G. Looser			2025-01-02T13:37:42.616Z	StillImage	OCCURRENCE_STATUS_INFERRED_FROM_INDIVIDUAL_COUNT
2235804267	821cc27a-e3bb-4bc5-ac34-89ada245069d	http://n2t.net/ark:/65665/3278308cd-e8c1-4a7f-a848-881b2b4ecb22	Plantae	Tracheophyta	Magnoliopsida	Apiales	Apiaceae	Azorella	Azorella madreporica		SPECIES	Azorella madreporica Clos	Azorella madreporica	Clos	CL	Paso de Pelambres. Crest of the Cordilleras, Dept. Illapel.		PRESENT	1	bc092ff0-02e4-11dc-991f-b8a03c50a862					3600.0				1932-01		1	1932	6026493	6026493	PRESERVED_SPECIMEN	US	US	US 1930325	2131			CC0_1_0		G. Looser			2025-01-02T13:37:31.265Z	StillImage	OCCURRENCE_STATUS_INFERRED_FROM_INDIVIDUAL_COUNT
1998939509	861e6afe-f762-11e1-a439-00145eb45e9a	8fcbc65e-7aba-4392-9854-a164d07c087d	Plantae	Tracheophyta	Magnoliopsida	Apiales	Apiaceae	Azorella	Azorella madreporica		SPECIES	Azorella madreporica Clos	Azorella madreporica Clos	Clos	CL		Coquimbo	PRESENT		485ff490-e3b7-11db-9acc-b8a03c50a862													6026493	6026493	PRESERVED_SPECIMEN	GH	GH	barcode-00075418				CC_BY_4_0	President and Fellows of Harvard College	C. Gay	ISOTYPE		2025-01-12T00:00:09.020Z	StillImage	
1998910496	861e6afe-f762-11e1-a439-00145eb45e9a	891e8a1e-5459-4e4b-a28f-9d2d6165f436	Plantae	Tracheophyta	Magnoliopsida	Apiales	Apiaceae	Azorella	Azorella madreporica		SPECIES	Azorella bolacina Clos	Azorella bolacina Clos	Clos	CL	Cordilleras de Coquimbo		PRESENT		485ff490-e3b7-11db-9acc-b8a03c50a862													3632144	6026493	PRESERVED_SPECIMEN	GH	GH	barcode-00075414		T. Whitfeld		CC_BY_4_0	President and Fellows of Harvard College	C. Gay	TYPE		2025-01-12T00:00:15.052Z	StillImage	
1933015320	4f64e2fc-a84b-49f6-802f-e48f725717d7	5af84ee3-9276-4aa6-8613-075a6428b226	Plantae	Tracheophyta	Magnoliopsida	Apiales	Apiaceae	Azorella	Azorella madreporica		SPECIES	Azorella bolacina Clos	Azorella bolacina		FK	Am6		PRESENT	1	b472a35a-6461-444a-a3d6-84e97e6636fe									1909-12-29	29	12	1909	3632144	6026493	PRESERVED_SPECIMEN	MANCH	Botany	kk807				CC0_1_0		Rupert, Valentin		native	2024-08-12T13:01:08.734Z		INSTITUTION_MATCH_FUZZY;INSTITUTION_COLLECTION_MISMATCH
1836902394	595ef834-9352-4d5c-9108-7b6e652f8d19	31334e8c-32c2-4507-e23f-af3729bdd648	Plantae	Tracheophyta	Magnoliopsida	Apiales	Apiaceae	Azorella	Azorella madreporica		SPECIES	Azorella madreporica Clos	Azorella madreporica Clos	Clos	AR	Cerro Aconquija	Catamarca	PRESENT		29164bbc-5488-43de-9ad2-f79d48f2aa59					4100.0	400.0			1916-02		2	1916	6026493	6026493	PRESERVED_SPECIMEN	MCNAM	BH		1590			CC_BY_NC_4_0		Jörgensen, P.			2025-01-09T17:58:28.727Z		INSTITUTION_MATCH_NONE
1659433348	faf8b3c3-21dc-48b6-8a5c-e1f037789f74	IANIGLA:XFR:1175	Plantae	Tracheophyta	Magnoliopsida	Apiales	Apiaceae	Azorella	Azorella madreporica		SPECIES	Azorella madreporica Clos	Azorella madreporica	Clos	AR	Laguna Diamante	Mendoza	PRESENT		497c081b-8157-4287-bb5c-291a4c71439c	-34.18053	-69.70258											6026493	6026493	PRESERVED_SPECIMEN	IANIGLA	XFR	1175				CC_BY_NC_4_0		Fidel Roig			2025-01-09T18:27:10.383Z		GEODETIC_DATUM_INVALID;GEODETIC_DATUM_ASSUMED_WGS84;CONTINENT_DERIVED_FROM_COORDINATES;MODIFIED_DATE_INVALID;INSTITUTION_MATCH_NONE
1455408398	8f1960d0-6d5f-11df-8b7f-b8a03c50a862	FUNDP:NAM:005053	Plantae	Tracheophyta	Magnoliopsida	Apiales	Apiaceae	Azorella	Azorella madreporica		SPECIES	Azorella madreporica Clos	Azorella cf. madreporica			"""Parc National Lauca"		PRESENT		96fbb73b-f951-4659-8f8b-fa60624a9c28													6026493	6026493	PRESERVED_SPECIMEN	1		5053				CC_BY_4_0		Margot Jean			2024-01-24T22:06:22.662Z		COORDINATE_INVALID;COUNTRY_INVALID;RECORDED_DATE_MISMATCH;RECORDED_DATE_INVALID;INSTITUTION_MATCH_NONE
1322580199	821cc27a-e3bb-4bc5-ac34-89ada245069d	http://n2t.net/ark:/65665/3ede1ea73-ea16-4f25-a061-ccb924e4a284	Plantae	Tracheophyta	Magnoliopsida	Apiales	Apiaceae	Azorella	Azorella madreporica		SPECIES	Azorella madreporica Clos	Azorella madreporica	Clos	CL	Santiago	Región Metropolitana (RM)	PRESENT	1	bc092ff0-02e4-11dc-991f-b8a03c50a862													6026493	6026493	PRESERVED_SPECIMEN	US	US	US 56698	s.n.			CC0_1_0		Wilkes Explor. Exped.			2025-01-02T13:38:47.681Z	StillImage	RECORDED_DATE_MISMATCH;OCCURRENCE_STATUS_INFERRED_FROM_INDIVIDUAL_COUNT
1319751219	821cc27a-e3bb-4bc5-ac34-89ada245069d	http://n2t.net/ark:/65665/370c14229-da56-4817-ac22-65a043c2a41b	Plantae	Tracheophyta	Magnoliopsida	Apiales	Apiaceae	Azorella	Azorella madreporica		SPECIES	Azorella madreporica Clos	Azorella madreporica	Clos	CL	Andes of Chile		PRESENT	1	bc092ff0-02e4-11dc-991f-b8a03c50a862													6026493	6026493	PRESERVED_SPECIMEN	US	US	US 56697	s.n.			CC0_1_0		Wilkes Explor. Exped.			2025-01-02T13:38:03.927Z	StillImage	RECORDED_DATE_MISMATCH;OCCURRENCE_STATUS_INFERRED_FROM_INDIVIDUAL_COUNT
1318666263	821cc27a-e3bb-4bc5-ac34-89ada245069d	http://n2t.net/ark:/65665/340be751f-a812-4615-9b5a-c4b271b5bced	Plantae	Tracheophyta	Magnoliopsida	Apiales	Apiaceae	Azorella	Azorella madreporica		SPECIES	Azorella madreporica Clos	Azorella madreporica	Clos	CL	Andes of Chile, snow line		PRESENT	1	bc092ff0-02e4-11dc-991f-b8a03c50a862													6026493	6026493	PRESERVED_SPECIMEN	US	US	US 56685	s.n.			CC0_1_0		Wilkes Explor. Exped.			2025-01-02T13:37:45.997Z	StillImage	RECORDED_DATE_MISMATCH;OCCURRENCE_STATUS_INFERRED_FROM_INDIVIDUAL_COUNT
1260763546	7bd65a7a-f762-11e1-a439-00145eb45e9a	urn:catalog:MO:Tropicos:3354955	Plantae	Tracheophyta	Magnoliopsida	Apiales	Apiaceae	Azorella	Azorella madreporica		SPECIES	Azorella madreporica Clos	Azorella madreporica Clos	Clos	CL	Perez Caldaer,a bove Rio San Francisco , Wet Streamside talus with Berberis, Pernettya. Tropaeolumm , Erigeron, Calceolaris & Mutisieae.	Santiago	PRESENT		90fd6680-349f-11d8-aa2d-b8a03c50a862					2800.0				1954-02-11	11	2	1954	6026493	6026493	PRESERVED_SPECIMEN	MO	Tropicos	3354955	3503			CC_BY_4_0	Missouri Botanical Garden	Lincoln Constance			2025-01-11T16:49:16.375Z		TAXON_MATCH_TAXON_ID_IGNORED;COLLECTION_MATCH_NONE;INSTITUTION_MATCH_FUZZY
1260762496	7bd65a7a-f762-11e1-a439-00145eb45e9a	urn:catalog:MO:Tropicos:3353973	Plantae	Tracheophyta	Magnoliopsida	Apiales	Apiaceae	Azorella	Azorella madreporica		SPECIES	Azorella madreporica Clos	Azorella madreporica Clos	Clos	CL	Depto. Illapel.la Vega Escondida, 3 hours byhorse east of Cuncumen; rocky sloeps, bottom of small quebrada.	Coquimbo	PRESENT		90fd6680-349f-11d8-aa2d-b8a03c50a862					2000.0				1936-12-22	22	12	1936	6026493	6026493	PRESERVED_SPECIMEN	MO	Tropicos	3353973	17016	Lincon Constance	1985-01-01T00:00:00	CC_BY_4_0	Missouri Botanical Garden	John L. Morrison			2025-01-11T16:50:55.873Z		TAXON_MATCH_TAXON_ID_IGNORED;COLLECTION_MATCH_NONE;INSTITUTION_MATCH_FUZZY
1260762351	7bd65a7a-f762-11e1-a439-00145eb45e9a	urn:catalog:MO:Tropicos:3353910	Plantae	Tracheophyta	Magnoliopsida	Apiales	Apiaceae	Azorella	Azorella madreporica		SPECIES	Azorella madreporica Clos	Azorella madreporica Clos	Clos	CL	Farellones, vereda hacia la cima arriba de Los Colorados. Vegas humedas, suelo rocoso.		PRESENT	1	90fd6680-349f-11d8-aa2d-b8a03c50a862	-33.8	-70.216667			3410.0				1984-01-19	19	1	1984	6026493	6026493	PRESERVED_SPECIMEN	MO	Tropicos	3353910	4236			CC_BY_4_0	Missouri Botanical Garden	Clark P. Cowan			2025-01-11T16:49:16.363Z		COORDINATE_ROUNDED;GEODETIC_DATUM_ASSUMED_WGS84;TAXON_MATCH_TAXON_ID_IGNORED;OCCURRENCE_STATUS_INFERRED_FROM_INDIVIDUAL_COUNT;COLLECTION_MATCH_NONE;INSTITUTION_MATCH_FUZZY
1260759540	7bd65a7a-f762-11e1-a439-00145eb45e9a	urn:catalog:MO:Tropicos:3351424	Plantae	Tracheophyta	Magnoliopsida	Apiales	Apiaceae	Azorella	Azorella madreporica		SPECIES	Azorella piligera Phil.	Azorella piligera Phil.	Phil.	CL	Illapel. la Vega Escondida, 3 hours by horse east of Cuncumen; rockysloeps, bottom of small quebrada.	Coquimbo	PRESENT		90fd6680-349f-11d8-aa2d-b8a03c50a862					2000.0				1938-12-22	22	12	1938	3630890	6026493	PRESERVED_SPECIMEN	MO	Tropicos	3351424	17016	I.M. Johnston	1941-01-01T00:00:00	CC_BY_4_0	Missouri Botanical Garden	John L. Morrison			2025-01-11T16:49:19.749Z		TAXON_MATCH_TAXON_ID_IGNORED;COLLECTION_MATCH_NONE;INSTITUTION_MATCH_FUZZY
1259801929	e053ff53-c156-4e2e-b9b5-4462e9625424	urn:catalog:MO:Tropicos:2483265	Plantae	Tracheophyta	Magnoliopsida	Apiales	Apiaceae	Azorella	Azorella madreporica		SPECIES	Azorella madreporica Clos	Azorella madreporica Clos	Clos	CL	Santiago	Santiago	PRESENT		90fd6680-349f-11d8-aa2d-b8a03c50a862													6026493	6026493	PRESERVED_SPECIMEN	LIL	Tropicos	2483265	3507			CC_BY_4_0	Missouri Botanical Garden	Lincoln Constance;Benkt Sparre			2025-01-11T15:24:56.754Z		TAXON_MATCH_TAXON_ID_IGNORED;COLLECTION_MATCH_NONE;INSTITUTION_MATCH_FUZZY;DIFFERENT_OWNER_INSTITUTION
1259484283	e053ff53-c156-4e2e-b9b5-4462e9625424	urn:catalog:MO:Tropicos:2194879	Plantae	Tracheophyta	Magnoliopsida	Apiales	Apiaceae	Azorella	Azorella madreporica		SPECIES	Azorella madreporica Clos	Azorella madreporica Clos	Clos	AR	Calmuco	Mendoza	PRESENT		90fd6680-349f-11d8-aa2d-b8a03c50a862									1942-02-14	14	2	1942	6026493	6026493	PRESERVED_SPECIMEN	SI	Tropicos	2194879	14189			CC_BY_4_0	Missouri Botanical Garden	Arturo E. Burkart;et al.			2025-01-11T15:24:54.751Z		TAXON_MATCH_TAXON_ID_IGNORED;COLLECTION_MATCH_NONE;INSTITUTION_MATCH_FUZZY;DIFFERENT_OWNER_INSTITUTION
1258042236	7bd65a7a-f762-11e1-a439-00145eb45e9a	urn:catalog:MO:Tropicos:100704590	Plantae	Tracheophyta	Magnoliopsida	Apiales	Apiaceae	Azorella	Azorella madreporica		SPECIES	Azorella madreporica Clos	Azorella madreporica Clos	Clos	AR	El Calafate, Cerro Huiliches.	Santa Cruz	PRESENT	1	90fd6680-349f-11d8-aa2d-b8a03c50a862	-50.389722	-72.308611			930.0				2012-11-23	23	11	2012	6026493	6026493	PRESERVED_SPECIMEN	MO	Tropicos	100704590	14042			CC_BY_4_0	Missouri Botanical Garden	Fernando O. Zuloaga;Diego L. Salariato;L. Salomón;A.A. Suarez			2025-01-11T16:51:01.926Z		COORDINATE_ROUNDED;GEODETIC_DATUM_ASSUMED_WGS84;TAXON_MATCH_TAXON_ID_IGNORED;OCCURRENCE_STATUS_INFERRED_FROM_INDIVIDUAL_COUNT;COLLECTION_MATCH_NONE;INSTITUTION_MATCH_FUZZY
1228420825	90c853e6-56bd-480b-8e8f-6285c3f8d42b	fea1fe30-916e-47e2-afce-e5a6fdcf573f	Plantae	Tracheophyta	Magnoliopsida	Apiales	Apiaceae	Azorella	Azorella madreporica		SPECIES	Azorella piligera Phil.	Azorella piligera Phil.					PRESENT		7b8aff00-a9f8-11d8-944b-b8a03c50a862													3630890	6026493	PRESERVED_SPECIMEN	F	Botany					CC0_1_0	The Field Museum of Natural History	R. A. Philippi	TYPE		2024-01-25T11:00:02.408Z	StillImage	AMBIGUOUS_COLLECTION;INSTITUTION_MATCH_FUZZY
1228407970	90c853e6-56bd-480b-8e8f-6285c3f8d42b	6cf63042-6089-40f5-8bfa-746da707590b	Plantae	Tracheophyta	Magnoliopsida	Apiales	Apiaceae	Azorella	Azorella madreporica		SPECIES	Azorella muscoides Phil.	Azorella muscoides Phil.					PRESENT		7b8aff00-a9f8-11d8-944b-b8a03c50a862													3631131	6026493	PRESERVED_SPECIMEN	F	Botany					CC0_1_0	The Field Museum of Natural History	R. A. Philippi	TYPE		2024-01-25T11:00:13.075Z	StillImage	AMBIGUOUS_COLLECTION;INSTITUTION_MATCH_FUZZY
1228313117	90c853e6-56bd-480b-8e8f-6285c3f8d42b	b7a9e904-46a6-4d7f-aa46-2d16cc7dc0e4	Plantae	Tracheophyta	Magnoliopsida	Apiales	Apiaceae	Azorella	Azorella madreporica		SPECIES	Azorella bolacina Clos	Azorella bolacina Clos					PRESENT		7b8aff00-a9f8-11d8-944b-b8a03c50a862									1839			1839	3632144	6026493	PRESERVED_SPECIMEN	F	Botany		940			CC0_1_0	The Field Museum of Natural History	C. Gay	TYPE		2024-01-25T11:00:18.058Z	StillImage	AMBIGUOUS_COLLECTION;INSTITUTION_MATCH_FUZZY
1228274552	90c853e6-56bd-480b-8e8f-6285c3f8d42b	8e38c138-1ce6-4a35-a414-9608e9e481cf	Plantae	Tracheophyta	Magnoliopsida	Apiales	Apiaceae	Azorella	Azorella madreporica		SPECIES	Azorella madreporica Clos	Azorella madreporica Clos					PRESENT		7b8aff00-a9f8-11d8-944b-b8a03c50a862									1839			1839	6026493	6026493	PRESERVED_SPECIMEN	F	Botany					CC0_1_0	The Field Museum of Natural History	C. Gay	TYPE		2024-01-25T11:00:16.468Z	StillImage	AMBIGUOUS_COLLECTION;INSTITUTION_MATCH_FUZZY
1228243906	90c853e6-56bd-480b-8e8f-6285c3f8d42b	ca0d2ac7-a9af-4d1c-907b-faa7e0cf0733	Plantae	Tracheophyta	Magnoliopsida	Apiales	Apiaceae	Azorella	Azorella madreporica		SPECIES	Azorella piligera Phil.	Azorella piligera Phil.					PRESENT		7b8aff00-a9f8-11d8-944b-b8a03c50a862									1862			1862	3630890	6026493	PRESERVED_SPECIMEN	F	Botany					CC0_1_0	The Field Museum of Natural History	R. A. Philippi	TYPE		2024-01-25T11:00:11.940Z	StillImage	AMBIGUOUS_COLLECTION;INSTITUTION_MATCH_FUZZY
1228178053	90c853e6-56bd-480b-8e8f-6285c3f8d42b	a90d90ae-f949-4bb2-9545-85661b41ed61	Plantae	Tracheophyta	Magnoliopsida	Apiales	Apiaceae	Azorella	Azorella madreporica		SPECIES	Azorella muscoides Phil.	Azorella muscoides Phil.					PRESENT		7b8aff00-a9f8-11d8-944b-b8a03c50a862													3631131	6026493	PRESERVED_SPECIMEN	F	Botany		s.n.			CC0_1_0	The Field Museum of Natural History	Ph. Germain	TYPE		2024-01-25T10:59:53.885Z	StillImage	AMBIGUOUS_COLLECTION;INSTITUTION_MATCH_FUZZY
1144567459	f577c9f3-ae71-4278-b6bf-512ba1dfaa21		Plantae	Tracheophyta	Magnoliopsida	Apiales	Apiaceae	Azorella	Azorella madreporica		SPECIES	Azorella madreporica Clos	Azorella madreporica Clos		CL	Coquimbo - Prov. de Coquimbo/Región de Coquimbo		PRESENT		43a26bbf-466a-4335-96cc-01d0656c614a	-30.54583	-70.76639											6026493	6026493	PRESERVED_SPECIMEN	G	Geneva Herbarium – General Collection (G)	G-G-267176/1		Müller, J.		CC_BY_NC_4_0		Gay, C. (Coll. De Candolle)	TYPE		2024-01-25T16:16:30.662Z		GEODETIC_DATUM_ASSUMED_WGS84;CONTINENT_DERIVED_FROM_COORDINATES;RECORDED_DATE_INVALID;COLLECTION_MATCH_NONE;INSTITUTION_MATCH_FUZZY
1144567443	f577c9f3-ae71-4278-b6bf-512ba1dfaa21		Plantae	Tracheophyta	Magnoliopsida	Apiales	Apiaceae	Azorella	Azorella madreporica		SPECIES	Azorella madreporica Clos	Azorella madreporica Clos		CL	Coquimbo - Prov. de Coquimbo/Región de Coquimbo		PRESENT		43a26bbf-466a-4335-96cc-01d0656c614a	-30.54583	-70.76639											6026493	6026493	PRESERVED_SPECIMEN	G	Geneva Herbarium – General Collection (G)	G-G-267177/2				CC_BY_NC_4_0		Gay, C. (Coll. De Candolle)	TYPE		2024-01-25T16:16:41.279Z		GEODETIC_DATUM_ASSUMED_WGS84;CONTINENT_DERIVED_FROM_COORDINATES;RECORDED_DATE_INVALID;COLLECTION_MATCH_NONE;INSTITUTION_MATCH_FUZZY
1096608849	0943f690-fde5-11dd-83f4-b8a03c50a862	S:VascularPlants:S05-4064	Plantae	Tracheophyta	Magnoliopsida	Apiales	Apiaceae	Azorella	Azorella madreporica		SPECIES	Azorella madreporica Clos	Azorella madreporica Clos	Clos	CL	Cord. d. Linares	Maule	PRESENT		6ba9a8cc-513a-4a51-bf93-6f5de8040a96													6026493	6026493	PRESERVED_SPECIMEN	S	VascularPlants	S05-4064	s.n.			CC0_1_0		[Philippi]			2024-01-24T22:59:10.416Z		TYPE_STATUS_INVALID;AMBIGUOUS_COLLECTION
1090547505	1064b787-c882-493e-b17d-4ffba363b776	https://specieslink.net/guid/64/18385	Plantae	Tracheophyta	Magnoliopsida	Apiales	Apiaceae	Azorella	Azorella madreporica		SPECIES	Azorella madreporica Clos	Azorella madreporica	Clos				PRESENT		c47cd3b0-2178-4a4b-87a6-740b482970a9									1954-02-11	11	2	1954	6026493	6026493	PRESERVED_SPECIMEN	IAC	IAC	18385	3503	L. Constance	1954-02-11T00:00:00	CC_BY_4_0	Herbário do Instituto Agronômico de Campinas	L. Constance			2025-01-12T15:49:56.645Z		INSTITUTION_MATCH_FUZZY;COLLECTION_MATCH_FUZZY
